<?xml version="1.0" encoding="utf-8"?>
<gpx xmlns:xsd="http://www.w3.org/2001/XMLSchema" xmlns:xsi="http://www.w3.org/2001/XMLSchema-instance" creator="eT4 META" version="1.1" xsi:schemaLocation="http://www.topografix.com/GPX/1/1 http://www.topografix.com/GPX/1/1/gpx.xsd" xmlns="http://www.topografix.com/GPX/1/1">
  <trk>
    <name>Pique-nique dans le paradis de la tourbière : Lombachalp – Möser – Widegg – Lombachalp</name>
    <trkseg>
      <trkpt lat="46.74445" lon="7.90764">
        <ele>1560.29</ele>
        <time>2026-05-01T00:00:00.0000000+00:00</time>
      </trkpt>
      <trkpt lat="46.74445" lon="7.90764">
        <ele>1560.29</ele>
        <time>2026-05-01T00:00:00.0000000+00:00</time>
      </trkpt>
      <trkpt lat="46.74451" lon="7.90764">
        <ele>1560.42</ele>
        <time>2026-05-01T00:00:08.0050000+00:00</time>
      </trkpt>
      <trkpt lat="46.74455" lon="7.90763">
        <ele>1560.48</ele>
        <time>2026-05-01T00:00:13.4200000+00:00</time>
      </trkpt>
      <trkpt lat="46.7446" lon="7.90763">
        <ele>1560.59</ele>
        <time>2026-05-01T00:00:20.0920000+00:00</time>
      </trkpt>
      <trkpt lat="46.7447" lon="7.9076">
        <ele>1560.78</ele>
        <time>2026-05-01T00:00:33.7130000+00:00</time>
      </trkpt>
      <trkpt lat="46.7448" lon="7.90758">
        <ele>1561.01</ele>
        <time>2026-05-01T00:00:47.1800000+00:00</time>
      </trkpt>
      <trkpt lat="46.74487" lon="7.90757">
        <ele>1561.23</ele>
        <time>2026-05-01T00:00:56.5640000+00:00</time>
      </trkpt>
      <trkpt lat="46.74497" lon="7.90757">
        <ele>1561.48</ele>
        <time>2026-05-01T00:01:09.9060000+00:00</time>
      </trkpt>
      <trkpt lat="46.74504" lon="7.90757">
        <ele>1561.65</ele>
        <time>2026-05-01T00:01:19.2450000+00:00</time>
      </trkpt>
      <trkpt lat="46.74512" lon="7.90759">
        <ele>1561.75</ele>
        <time>2026-05-01T00:01:30.0750000+00:00</time>
      </trkpt>
      <trkpt lat="46.74518" lon="7.90761">
        <ele>1561.85</ele>
        <time>2026-05-01T00:01:38.2870000+00:00</time>
      </trkpt>
      <trkpt lat="46.74524" lon="7.90764">
        <ele>1562.03</ele>
        <time>2026-05-01T00:01:46.7490000+00:00</time>
      </trkpt>
      <trkpt lat="46.74532" lon="7.9077">
        <ele>1562.37</ele>
        <time>2026-05-01T00:01:58.7500000+00:00</time>
      </trkpt>
      <trkpt lat="46.7454" lon="7.90777">
        <ele>1562.58</ele>
        <time>2026-05-01T00:02:11.1950000+00:00</time>
      </trkpt>
      <trkpt lat="46.7455" lon="7.90788">
        <ele>1562.59</ele>
        <time>2026-05-01T00:02:27.9020000+00:00</time>
      </trkpt>
      <trkpt lat="46.74561" lon="7.90802">
        <ele>1562.28</ele>
        <time>2026-05-01T00:02:47.3750000+00:00</time>
      </trkpt>
      <trkpt lat="46.74569" lon="7.90811">
        <ele>1561.96</ele>
        <time>2026-05-01T00:03:00.8510000+00:00</time>
      </trkpt>
      <trkpt lat="46.7458" lon="7.90826">
        <ele>1561.12</ele>
        <time>2026-05-01T00:03:20.9380000+00:00</time>
      </trkpt>
      <trkpt lat="46.7459" lon="7.90838">
        <ele>1560.25</ele>
        <time>2026-05-01T00:03:38.2110000+00:00</time>
      </trkpt>
      <trkpt lat="46.74601" lon="7.9085">
        <ele>1560.22</ele>
        <time>2026-05-01T00:03:56.5340000+00:00</time>
      </trkpt>
      <trkpt lat="46.74608" lon="7.90857">
        <ele>1560.11</ele>
        <time>2026-05-01T00:04:07.8560000+00:00</time>
      </trkpt>
      <trkpt lat="46.74615" lon="7.90863">
        <ele>1559.75</ele>
        <time>2026-05-01T00:04:18.6870000+00:00</time>
      </trkpt>
      <trkpt lat="46.74623" lon="7.90869">
        <ele>1559.34</ele>
        <time>2026-05-01T00:04:30.6880000+00:00</time>
      </trkpt>
      <trkpt lat="46.7463" lon="7.90872">
        <ele>1558.94</ele>
        <time>2026-05-01T00:04:40.4220000+00:00</time>
      </trkpt>
      <trkpt lat="46.74637" lon="7.90874">
        <ele>1558.53</ele>
        <time>2026-05-01T00:04:49.9380000+00:00</time>
      </trkpt>
      <trkpt lat="46.74643" lon="7.90875">
        <ele>1558.15</ele>
        <time>2026-05-01T00:04:57.9960000+00:00</time>
      </trkpt>
      <trkpt lat="46.74652" lon="7.90876">
        <ele>1557.57</ele>
        <time>2026-05-01T00:05:10.0380000+00:00</time>
      </trkpt>
      <trkpt lat="46.74661" lon="7.90875">
        <ele>1556.9</ele>
        <time>2026-05-01T00:05:22.0800000+00:00</time>
      </trkpt>
      <trkpt lat="46.74669" lon="7.90873">
        <ele>1556.24</ele>
        <time>2026-05-01T00:05:32.9100000+00:00</time>
      </trkpt>
      <trkpt lat="46.74672" lon="7.90873">
        <ele>1556.03</ele>
        <time>2026-05-01T00:05:36.9120000+00:00</time>
      </trkpt>
      <trkpt lat="46.74681" lon="7.9087">
        <ele>1555.23</ele>
        <time>2026-05-01T00:05:49.2280000+00:00</time>
      </trkpt>
      <trkpt lat="46.74693" lon="7.90866">
        <ele>1553.88</ele>
        <time>2026-05-01T00:06:05.6510000+00:00</time>
      </trkpt>
      <trkpt lat="46.74708" lon="7.90862">
        <ele>1551.89</ele>
        <time>2026-05-01T00:06:25.9950000+00:00</time>
      </trkpt>
      <trkpt lat="46.74723" lon="7.90857">
        <ele>1549.91</ele>
        <time>2026-05-01T00:06:46.5230000+00:00</time>
      </trkpt>
      <trkpt lat="46.74738" lon="7.90852">
        <ele>1547.99</ele>
        <time>2026-05-01T00:07:07.0520000+00:00</time>
      </trkpt>
      <trkpt lat="46.74749" lon="7.90848">
        <ele>1546.62</ele>
        <time>2026-05-01T00:07:22.1770000+00:00</time>
      </trkpt>
      <trkpt lat="46.74758" lon="7.90845">
        <ele>1545.53</ele>
        <time>2026-05-01T00:07:34.4940000+00:00</time>
      </trkpt>
      <trkpt lat="46.74765" lon="7.90842">
        <ele>1544.68</ele>
        <time>2026-05-01T00:07:44.2280000+00:00</time>
      </trkpt>
      <trkpt lat="46.74769" lon="7.9084">
        <ele>1544.26</ele>
        <time>2026-05-01T00:07:49.8710000+00:00</time>
      </trkpt>
      <trkpt lat="46.74773" lon="7.90836">
        <ele>1544.02</ele>
        <time>2026-05-01T00:07:56.3400000+00:00</time>
      </trkpt>
      <trkpt lat="46.74777" lon="7.90831">
        <ele>1543.93</ele>
        <time>2026-05-01T00:08:03.3680000+00:00</time>
      </trkpt>
      <trkpt lat="46.74781" lon="7.90825">
        <ele>1543.92</ele>
        <time>2026-05-01T00:08:11.0200000+00:00</time>
      </trkpt>
      <trkpt lat="46.74783" lon="7.90818">
        <ele>1544.14</ele>
        <time>2026-05-01T00:08:17.9530000+00:00</time>
      </trkpt>
      <trkpt lat="46.74786" lon="7.90806">
        <ele>1544.61</ele>
        <time>2026-05-01T00:08:29.6300000+00:00</time>
      </trkpt>
      <trkpt lat="46.74792" lon="7.90786">
        <ele>1545.55</ele>
        <time>2026-05-01T00:08:49.5900000+00:00</time>
      </trkpt>
      <trkpt lat="46.74796" lon="7.90774">
        <ele>1546.24</ele>
        <time>2026-05-01T00:09:01.7900000+00:00</time>
      </trkpt>
      <trkpt lat="46.74799" lon="7.90764">
        <ele>1546.91</ele>
        <time>2026-05-01T00:09:11.7700000+00:00</time>
      </trkpt>
      <trkpt lat="46.74803" lon="7.90755">
        <ele>1547.73</ele>
        <time>2026-05-01T00:09:21.5760000+00:00</time>
      </trkpt>
      <trkpt lat="46.74807" lon="7.90747">
        <ele>1548.81</ele>
        <time>2026-05-01T00:09:30.6300000+00:00</time>
      </trkpt>
      <trkpt lat="46.74812" lon="7.90742">
        <ele>1549.56</ele>
        <time>2026-05-01T00:09:38.7170000+00:00</time>
      </trkpt>
      <trkpt lat="46.74816" lon="7.90738">
        <ele>1550.18</ele>
        <time>2026-05-01T00:09:45.1870000+00:00</time>
      </trkpt>
      <trkpt lat="46.74821" lon="7.90734">
        <ele>1550.85</ele>
        <time>2026-05-01T00:09:52.7960000+00:00</time>
      </trkpt>
      <trkpt lat="46.74828" lon="7.90733">
        <ele>1551.17</ele>
        <time>2026-05-01T00:10:02.1800000+00:00</time>
      </trkpt>
      <trkpt lat="46.74834" lon="7.90732">
        <ele>1551.47</ele>
        <time>2026-05-01T00:10:10.2360000+00:00</time>
      </trkpt>
      <trkpt lat="46.74842" lon="7.90734">
        <ele>1551.38</ele>
        <time>2026-05-01T00:10:21.0650000+00:00</time>
      </trkpt>
      <trkpt lat="46.74854" lon="7.90738">
        <ele>1551.07</ele>
        <time>2026-05-01T00:10:37.4870000+00:00</time>
      </trkpt>
      <trkpt lat="46.74866" lon="7.90741">
        <ele>1550.89</ele>
        <time>2026-05-01T00:10:53.7300000+00:00</time>
      </trkpt>
      <trkpt lat="46.74875" lon="7.90744">
        <ele>1550.55</ele>
        <time>2026-05-01T00:11:06.0470000+00:00</time>
      </trkpt>
      <trkpt lat="46.74886" lon="7.90746">
        <ele>1550.36</ele>
        <time>2026-05-01T00:11:20.8370000+00:00</time>
      </trkpt>
      <trkpt lat="46.74897" lon="7.90749">
        <ele>1549.89</ele>
        <time>2026-05-01T00:11:35.7670000+00:00</time>
      </trkpt>
      <trkpt lat="46.74905" lon="7.90752">
        <ele>1549.31</ele>
        <time>2026-05-01T00:11:46.7880000+00:00</time>
      </trkpt>
      <trkpt lat="46.74912" lon="7.90754">
        <ele>1548.89</ele>
        <time>2026-05-01T00:11:56.3040000+00:00</time>
      </trkpt>
      <trkpt lat="46.74917" lon="7.90757">
        <ele>1548.17</ele>
        <time>2026-05-01T00:12:03.5170000+00:00</time>
      </trkpt>
      <trkpt lat="46.74922" lon="7.90758">
        <ele>1547.94</ele>
        <time>2026-05-01T00:12:10.2500000+00:00</time>
      </trkpt>
      <trkpt lat="46.74929" lon="7.90759">
        <ele>1547.74</ele>
        <time>2026-05-01T00:12:19.6330000+00:00</time>
      </trkpt>
      <trkpt lat="46.74938" lon="7.9076">
        <ele>1547.5</ele>
        <time>2026-05-01T00:12:31.6750000+00:00</time>
      </trkpt>
      <trkpt lat="46.74945" lon="7.90761">
        <ele>1546.78</ele>
        <time>2026-05-01T00:12:41.0590000+00:00</time>
      </trkpt>
      <trkpt lat="46.74951" lon="7.90764">
        <ele>1545.72</ele>
        <time>2026-05-01T00:12:49.5200000+00:00</time>
      </trkpt>
      <trkpt lat="46.74958" lon="7.90768">
        <ele>1544.36</ele>
        <time>2026-05-01T00:12:59.5500000+00:00</time>
      </trkpt>
      <trkpt lat="46.74966" lon="7.90773">
        <ele>1542.7</ele>
        <time>2026-05-01T00:13:11.1620000+00:00</time>
      </trkpt>
      <trkpt lat="46.74976" lon="7.90779">
        <ele>1540.64</ele>
        <time>2026-05-01T00:13:25.5870000+00:00</time>
      </trkpt>
      <trkpt lat="46.74988" lon="7.90785">
        <ele>1538.39</ele>
        <time>2026-05-01T00:13:42.5110000+00:00</time>
      </trkpt>
      <trkpt lat="46.74995" lon="7.90788">
        <ele>1537.17</ele>
        <time>2026-05-01T00:13:52.2450000+00:00</time>
      </trkpt>
      <trkpt lat="46.75001" lon="7.9079">
        <ele>1536.24</ele>
        <time>2026-05-01T00:14:00.4560000+00:00</time>
      </trkpt>
      <trkpt lat="46.75006" lon="7.9079">
        <ele>1535.84</ele>
        <time>2026-05-01T00:14:07.1260000+00:00</time>
      </trkpt>
      <trkpt lat="46.75011" lon="7.90788">
        <ele>1535.88</ele>
        <time>2026-05-01T00:14:14.0430000+00:00</time>
      </trkpt>
      <trkpt lat="46.75017" lon="7.90786">
        <ele>1535.85</ele>
        <time>2026-05-01T00:14:22.2550000+00:00</time>
      </trkpt>
      <trkpt lat="46.75024" lon="7.90782">
        <ele>1535.96</ele>
        <time>2026-05-01T00:14:32.2840000+00:00</time>
      </trkpt>
      <trkpt lat="46.75032" lon="7.9078">
        <ele>1535.13</ele>
        <time>2026-05-01T00:14:43.1130000+00:00</time>
      </trkpt>
      <trkpt lat="46.75037" lon="7.90778">
        <ele>1534.73</ele>
        <time>2026-05-01T00:14:50.0310000+00:00</time>
      </trkpt>
      <trkpt lat="46.75041" lon="7.90776">
        <ele>1534.45</ele>
        <time>2026-05-01T00:14:55.6730000+00:00</time>
      </trkpt>
      <trkpt lat="46.75043" lon="7.90773">
        <ele>1534.67</ele>
        <time>2026-05-01T00:14:59.4990000+00:00</time>
      </trkpt>
      <trkpt lat="46.75045" lon="7.90771">
        <ele>1534.68</ele>
        <time>2026-05-01T00:15:02.7310000+00:00</time>
      </trkpt>
      <trkpt lat="46.75048" lon="7.90764">
        <ele>1535.36</ele>
        <time>2026-05-01T00:15:10.2790000+00:00</time>
      </trkpt>
      <trkpt lat="46.75051" lon="7.90755">
        <ele>1536.37</ele>
        <time>2026-05-01T00:15:19.4290000+00:00</time>
      </trkpt>
      <trkpt lat="46.75054" lon="7.9074">
        <ele>1538.71</ele>
        <time>2026-05-01T00:15:33.7130000+00:00</time>
      </trkpt>
      <trkpt lat="46.75057" lon="7.90726">
        <ele>1540.8</ele>
        <time>2026-05-01T00:15:47.1230000+00:00</time>
      </trkpt>
      <trkpt lat="46.75062" lon="7.90705">
        <ele>1543.73</ele>
        <time>2026-05-01T00:16:07.4460000+00:00</time>
      </trkpt>
      <trkpt lat="46.75066" lon="7.90683">
        <ele>1546.98</ele>
        <time>2026-05-01T00:16:28.2540000+00:00</time>
      </trkpt>
      <trkpt lat="46.75072" lon="7.90657">
        <ele>1550.18</ele>
        <time>2026-05-01T00:16:53.3330000+00:00</time>
      </trkpt>
      <trkpt lat="46.75077" lon="7.90637">
        <ele>1552.76</ele>
        <time>2026-05-01T00:17:12.7960000+00:00</time>
      </trkpt>
      <trkpt lat="46.75081" lon="7.90619">
        <ele>1555.44</ele>
        <time>2026-05-01T00:17:30.0940000+00:00</time>
      </trkpt>
      <trkpt lat="46.75085" lon="7.90602">
        <ele>1558.15</ele>
        <time>2026-05-01T00:17:46.5250000+00:00</time>
      </trkpt>
      <trkpt lat="46.75088" lon="7.90585">
        <ele>1560.78</ele>
        <time>2026-05-01T00:18:02.5730000+00:00</time>
      </trkpt>
      <trkpt lat="46.75089" lon="7.90574">
        <ele>1562.17</ele>
        <time>2026-05-01T00:18:12.7160000+00:00</time>
      </trkpt>
      <trkpt lat="46.7509" lon="7.90562">
        <ele>1563.72</ele>
        <time>2026-05-01T00:18:23.7670000+00:00</time>
      </trkpt>
      <trkpt lat="46.7509" lon="7.90548">
        <ele>1565.65</ele>
        <time>2026-05-01T00:18:36.5650000+00:00</time>
      </trkpt>
      <trkpt lat="46.75089" lon="7.90536">
        <ele>1567.4</ele>
        <time>2026-05-01T00:18:47.6160000+00:00</time>
      </trkpt>
      <trkpt lat="46.75088" lon="7.90523">
        <ele>1569.28</ele>
        <time>2026-05-01T00:18:59.5740000+00:00</time>
      </trkpt>
      <trkpt lat="46.75086" lon="7.90512">
        <ele>1570.96</ele>
        <time>2026-05-01T00:19:09.9780000+00:00</time>
      </trkpt>
      <trkpt lat="46.75084" lon="7.905">
        <ele>1572</ele>
        <time>2026-05-01T00:19:21.2670000+00:00</time>
      </trkpt>
      <trkpt lat="46.7508" lon="7.90486">
        <ele>1572.89</ele>
        <time>2026-05-01T00:19:35.1340000+00:00</time>
      </trkpt>
      <trkpt lat="46.75074" lon="7.90465">
        <ele>1574.26</ele>
        <time>2026-05-01T00:19:55.9340000+00:00</time>
      </trkpt>
      <trkpt lat="46.75069" lon="7.90449">
        <ele>1575.37</ele>
        <time>2026-05-01T00:20:12.0100000+00:00</time>
      </trkpt>
      <trkpt lat="46.75066" lon="7.90436">
        <ele>1576.19</ele>
        <time>2026-05-01T00:20:24.5500000+00:00</time>
      </trkpt>
      <trkpt lat="46.75063" lon="7.90421">
        <ele>1576.77</ele>
        <time>2026-05-01T00:20:38.8350000+00:00</time>
      </trkpt>
      <trkpt lat="46.7506" lon="7.90401">
        <ele>1576.17</ele>
        <time>2026-05-01T00:20:57.5510000+00:00</time>
      </trkpt>
      <trkpt lat="46.75058" lon="7.90386">
        <ele>1575.77</ele>
        <time>2026-05-01T00:21:11.5210000+00:00</time>
      </trkpt>
      <trkpt lat="46.75057" lon="7.90372">
        <ele>1575.33</ele>
        <time>2026-05-01T00:21:24.3890000+00:00</time>
      </trkpt>
      <trkpt lat="46.75057" lon="7.90359">
        <ele>1574.78</ele>
        <time>2026-05-01T00:21:36.2730000+00:00</time>
      </trkpt>
      <trkpt lat="46.75057" lon="7.90342">
        <ele>1574.07</ele>
        <time>2026-05-01T00:21:51.8130000+00:00</time>
      </trkpt>
      <trkpt lat="46.75058" lon="7.90318">
        <ele>1574.73</ele>
        <time>2026-05-01T00:22:13.7930000+00:00</time>
      </trkpt>
      <trkpt lat="46.75059" lon="7.90298">
        <ele>1575.34</ele>
        <time>2026-05-01T00:22:32.1250000+00:00</time>
      </trkpt>
      <trkpt lat="46.75061" lon="7.90277">
        <ele>1575.89</ele>
        <time>2026-05-01T00:22:51.5070000+00:00</time>
      </trkpt>
      <trkpt lat="46.75063" lon="7.90257">
        <ele>1576.53</ele>
        <time>2026-05-01T00:23:09.9840000+00:00</time>
      </trkpt>
      <trkpt lat="46.75066" lon="7.90232">
        <ele>1578.39</ele>
        <time>2026-05-01T00:23:33.1860000+00:00</time>
      </trkpt>
      <trkpt lat="46.75069" lon="7.90209">
        <ele>1580.2</ele>
        <time>2026-05-01T00:23:54.5880000+00:00</time>
      </trkpt>
      <trkpt lat="46.75072" lon="7.90196">
        <ele>1581.2</ele>
        <time>2026-05-01T00:24:07.1280000+00:00</time>
      </trkpt>
      <trkpt lat="46.75074" lon="7.90184">
        <ele>1582.22</ele>
        <time>2026-05-01T00:24:18.4180000+00:00</time>
      </trkpt>
      <trkpt lat="46.75077" lon="7.90173">
        <ele>1583.12</ele>
        <time>2026-05-01T00:24:29.2410000+00:00</time>
      </trkpt>
      <trkpt lat="46.75082" lon="7.90155">
        <ele>1584.4</ele>
        <time>2026-05-01T00:24:46.9960000+00:00</time>
      </trkpt>
      <trkpt lat="46.75086" lon="7.90142">
        <ele>1585.33</ele>
        <time>2026-05-01T00:25:00.0240000+00:00</time>
      </trkpt>
      <trkpt lat="46.7509" lon="7.90128">
        <ele>1586.35</ele>
        <time>2026-05-01T00:25:13.8900000+00:00</time>
      </trkpt>
      <trkpt lat="46.75091" lon="7.90121">
        <ele>1586.9</ele>
        <time>2026-05-01T00:25:20.4270000+00:00</time>
      </trkpt>
      <trkpt lat="46.75092" lon="7.90114">
        <ele>1587.45</ele>
        <time>2026-05-01T00:25:26.9620000+00:00</time>
      </trkpt>
      <trkpt lat="46.75092" lon="7.90103">
        <ele>1588.35</ele>
        <time>2026-05-01T00:25:37.0170000+00:00</time>
      </trkpt>
      <trkpt lat="46.75092" lon="7.90094">
        <ele>1589.09</ele>
        <time>2026-05-01T00:25:45.2440000+00:00</time>
      </trkpt>
      <trkpt lat="46.75093" lon="7.90088">
        <ele>1589.49</ele>
        <time>2026-05-01T00:25:50.8880000+00:00</time>
      </trkpt>
      <trkpt lat="46.75094" lon="7.90082">
        <ele>1589.85</ele>
        <time>2026-05-01T00:25:56.5330000+00:00</time>
      </trkpt>
      <trkpt lat="46.75097" lon="7.90076">
        <ele>1590.14</ele>
        <time>2026-05-01T00:26:03.3240000+00:00</time>
      </trkpt>
      <trkpt lat="46.75101" lon="7.90071">
        <ele>1590.33</ele>
        <time>2026-05-01T00:26:10.3510000+00:00</time>
      </trkpt>
      <trkpt lat="46.75103" lon="7.9007">
        <ele>1590.33</ele>
        <time>2026-05-01T00:26:13.1740000+00:00</time>
      </trkpt>
      <trkpt lat="46.75106" lon="7.90068">
        <ele>1590.35</ele>
        <time>2026-05-01T00:26:17.5740000+00:00</time>
      </trkpt>
      <trkpt lat="46.7511" lon="7.90067">
        <ele>1590.26</ele>
        <time>2026-05-01T00:26:22.9880000+00:00</time>
      </trkpt>
      <trkpt lat="46.75114" lon="7.90067">
        <ele>1590.11</ele>
        <time>2026-05-01T00:26:28.3230000+00:00</time>
      </trkpt>
      <trkpt lat="46.7512" lon="7.9007">
        <ele>1589.76</ele>
        <time>2026-05-01T00:26:36.7860000+00:00</time>
      </trkpt>
      <trkpt lat="46.75127" lon="7.90074">
        <ele>1589.37</ele>
        <time>2026-05-01T00:26:46.8150000+00:00</time>
      </trkpt>
      <trkpt lat="46.75134" lon="7.90077">
        <ele>1589.08</ele>
        <time>2026-05-01T00:26:56.5490000+00:00</time>
      </trkpt>
      <trkpt lat="46.7514" lon="7.90078">
        <ele>1588.89</ele>
        <time>2026-05-01T00:27:04.6050000+00:00</time>
      </trkpt>
      <trkpt lat="46.75148" lon="7.90078">
        <ele>1588.69</ele>
        <time>2026-05-01T00:27:15.2790000+00:00</time>
      </trkpt>
      <trkpt lat="46.75155" lon="7.90077">
        <ele>1588.51</ele>
        <time>2026-05-01T00:27:24.6640000+00:00</time>
      </trkpt>
      <trkpt lat="46.7516" lon="7.90075">
        <ele>1588.39</ele>
        <time>2026-05-01T00:27:31.5810000+00:00</time>
      </trkpt>
      <trkpt lat="46.75164" lon="7.90072">
        <ele>1588.27</ele>
        <time>2026-05-01T00:27:37.5820000+00:00</time>
      </trkpt>
      <trkpt lat="46.75167" lon="7.90067">
        <ele>1588.16</ele>
        <time>2026-05-01T00:27:43.6590000+00:00</time>
      </trkpt>
      <trkpt lat="46.7517" lon="7.9006">
        <ele>1588</ele>
        <time>2026-05-01T00:27:51.2060000+00:00</time>
      </trkpt>
      <trkpt lat="46.75173" lon="7.90045">
        <ele>1587.73</ele>
        <time>2026-05-01T00:28:05.4900000+00:00</time>
      </trkpt>
      <trkpt lat="46.75176" lon="7.90032">
        <ele>1587.39</ele>
        <time>2026-05-01T00:28:18.0300000+00:00</time>
      </trkpt>
      <trkpt lat="46.7518" lon="7.90018">
        <ele>1586.87</ele>
        <time>2026-05-01T00:28:31.8960000+00:00</time>
      </trkpt>
      <trkpt lat="46.75187" lon="7.89999">
        <ele>1585.81</ele>
        <time>2026-05-01T00:28:51.6160000+00:00</time>
      </trkpt>
      <trkpt lat="46.75193" lon="7.89982">
        <ele>1584.93</ele>
        <time>2026-05-01T00:29:09.0960000+00:00</time>
      </trkpt>
      <trkpt lat="46.75202" lon="7.8996">
        <ele>1583.94</ele>
        <time>2026-05-01T00:29:32.5190000+00:00</time>
      </trkpt>
      <trkpt lat="46.75209" lon="7.89944">
        <ele>1583.38</ele>
        <time>2026-05-01T00:29:49.8720000+00:00</time>
      </trkpt>
      <trkpt lat="46.75216" lon="7.89926">
        <ele>1582.97</ele>
        <time>2026-05-01T00:30:08.7920000+00:00</time>
      </trkpt>
      <trkpt lat="46.75223" lon="7.8991">
        <ele>1582.97</ele>
        <time>2026-05-01T00:30:26.1460000+00:00</time>
      </trkpt>
      <trkpt lat="46.75228" lon="7.89895">
        <ele>1583.07</ele>
        <time>2026-05-01T00:30:41.3950000+00:00</time>
      </trkpt>
      <trkpt lat="46.75232" lon="7.89883">
        <ele>1583.17</ele>
        <time>2026-05-01T00:30:53.5930000+00:00</time>
      </trkpt>
      <trkpt lat="46.75236" lon="7.8987">
        <ele>1583.29</ele>
        <time>2026-05-01T00:31:06.6200000+00:00</time>
      </trkpt>
      <trkpt lat="46.7524" lon="7.89854">
        <ele>1583.5</ele>
        <time>2026-05-01T00:31:22.1880000+00:00</time>
      </trkpt>
      <trkpt lat="46.75243" lon="7.89839">
        <ele>1583.78</ele>
        <time>2026-05-01T00:31:36.4720000+00:00</time>
      </trkpt>
      <trkpt lat="46.75247" lon="7.89824">
        <ele>1584.27</ele>
        <time>2026-05-01T00:31:51.1860000+00:00</time>
      </trkpt>
      <trkpt lat="46.7525" lon="7.89812">
        <ele>1584.66</ele>
        <time>2026-05-01T00:32:02.8630000+00:00</time>
      </trkpt>
      <trkpt lat="46.75254" lon="7.89803">
        <ele>1584.89</ele>
        <time>2026-05-01T00:32:12.6700000+00:00</time>
      </trkpt>
      <trkpt lat="46.75257" lon="7.89794">
        <ele>1585.14</ele>
        <time>2026-05-01T00:32:21.8200000+00:00</time>
      </trkpt>
      <trkpt lat="46.7526" lon="7.89786">
        <ele>1585.35</ele>
        <time>2026-05-01T00:32:30.1560000+00:00</time>
      </trkpt>
      <trkpt lat="46.75264" lon="7.89778">
        <ele>1585.52</ele>
        <time>2026-05-01T00:32:39.2090000+00:00</time>
      </trkpt>
      <trkpt lat="46.75269" lon="7.8977">
        <ele>1585.64</ele>
        <time>2026-05-01T00:32:49.1080000+00:00</time>
      </trkpt>
      <trkpt lat="46.75276" lon="7.89762">
        <ele>1585.8</ele>
        <time>2026-05-01T00:33:00.9700000+00:00</time>
      </trkpt>
      <trkpt lat="46.75283" lon="7.89752">
        <ele>1586.12</ele>
        <time>2026-05-01T00:33:14.0380000+00:00</time>
      </trkpt>
      <trkpt lat="46.75289" lon="7.89746">
        <ele>1586.33</ele>
        <time>2026-05-01T00:33:23.7420000+00:00</time>
      </trkpt>
      <trkpt lat="46.75295" lon="7.89741">
        <ele>1586.52</ele>
        <time>2026-05-01T00:33:32.9590000+00:00</time>
      </trkpt>
      <trkpt lat="46.75302" lon="7.89737">
        <ele>1586.69</ele>
        <time>2026-05-01T00:33:42.9880000+00:00</time>
      </trkpt>
      <trkpt lat="46.7531" lon="7.89733">
        <ele>1586.88</ele>
        <time>2026-05-01T00:33:54.2710000+00:00</time>
      </trkpt>
      <trkpt lat="46.75317" lon="7.89731">
        <ele>1586.99</ele>
        <time>2026-05-01T00:34:03.7870000+00:00</time>
      </trkpt>
      <trkpt lat="46.75324" lon="7.8973">
        <ele>1587.05</ele>
        <time>2026-05-01T00:34:13.1700000+00:00</time>
      </trkpt>
      <trkpt lat="46.75332" lon="7.89729">
        <ele>1587.11</ele>
        <time>2026-05-01T00:34:23.8820000+00:00</time>
      </trkpt>
      <trkpt lat="46.75337" lon="7.89729">
        <ele>1587.12</ele>
        <time>2026-05-01T00:34:30.5540000+00:00</time>
      </trkpt>
      <trkpt lat="46.75345" lon="7.89731">
        <ele>1586.98</ele>
        <time>2026-05-01T00:34:41.3830000+00:00</time>
      </trkpt>
      <trkpt lat="46.75355" lon="7.89733">
        <ele>1586.75</ele>
        <time>2026-05-01T00:34:54.8490000+00:00</time>
      </trkpt>
      <trkpt lat="46.75364" lon="7.89736">
        <ele>1585.81</ele>
        <time>2026-05-01T00:35:07.1660000+00:00</time>
      </trkpt>
      <trkpt lat="46.75376" lon="7.8974">
        <ele>1584.53</ele>
        <time>2026-05-01T00:35:23.5890000+00:00</time>
      </trkpt>
      <trkpt lat="46.75391" lon="7.89745">
        <ele>1582.93</ele>
        <time>2026-05-01T00:35:44.1170000+00:00</time>
      </trkpt>
      <trkpt lat="46.75401" lon="7.89749">
        <ele>1581.79</ele>
        <time>2026-05-01T00:35:57.9510000+00:00</time>
      </trkpt>
      <trkpt lat="46.7541" lon="7.89752">
        <ele>1580.81</ele>
        <time>2026-05-01T00:36:10.2680000+00:00</time>
      </trkpt>
      <trkpt lat="46.75416" lon="7.89753">
        <ele>1580.23</ele>
        <time>2026-05-01T00:36:18.3240000+00:00</time>
      </trkpt>
      <trkpt lat="46.75422" lon="7.89753">
        <ele>1579.73</ele>
        <time>2026-05-01T00:36:26.3290000+00:00</time>
      </trkpt>
      <trkpt lat="46.75428" lon="7.89752">
        <ele>1579.31</ele>
        <time>2026-05-01T00:36:34.3860000+00:00</time>
      </trkpt>
      <trkpt lat="46.75433" lon="7.89749">
        <ele>1579.14</ele>
        <time>2026-05-01T00:36:41.5990000+00:00</time>
      </trkpt>
      <trkpt lat="46.7544" lon="7.89743">
        <ele>1579.14</ele>
        <time>2026-05-01T00:36:52.4290000+00:00</time>
      </trkpt>
      <trkpt lat="46.75446" lon="7.89735">
        <ele>1579.55</ele>
        <time>2026-05-01T00:37:03.2720000+00:00</time>
      </trkpt>
      <trkpt lat="46.75452" lon="7.89726">
        <ele>1580.15</ele>
        <time>2026-05-01T00:37:14.7500000+00:00</time>
      </trkpt>
      <trkpt lat="46.75457" lon="7.89715">
        <ele>1581.1</ele>
        <time>2026-05-01T00:37:26.8170000+00:00</time>
      </trkpt>
      <trkpt lat="46.75461" lon="7.89702">
        <ele>1582.4</ele>
        <time>2026-05-01T00:37:39.8440000+00:00</time>
      </trkpt>
      <trkpt lat="46.75463" lon="7.8969">
        <ele>1583.69</ele>
        <time>2026-05-01T00:37:51.1330000+00:00</time>
      </trkpt>
      <trkpt lat="46.75466" lon="7.89663">
        <ele>1586.44</ele>
        <time>2026-05-01T00:38:16.1350000+00:00</time>
      </trkpt>
      <trkpt lat="46.75468" lon="7.89633">
        <ele>1589.17</ele>
        <time>2026-05-01T00:38:43.6870000+00:00</time>
      </trkpt>
      <trkpt lat="46.75469" lon="7.89617">
        <ele>1590.65</ele>
        <time>2026-05-01T00:38:58.3730000+00:00</time>
      </trkpt>
      <trkpt lat="46.75469" lon="7.89606">
        <ele>1591.65</ele>
        <time>2026-05-01T00:39:08.4280000+00:00</time>
      </trkpt>
      <trkpt lat="46.75469" lon="7.89596">
        <ele>1592.55</ele>
        <time>2026-05-01T00:39:17.5690000+00:00</time>
      </trkpt>
      <trkpt lat="46.75465" lon="7.89575">
        <ele>1593.69</ele>
        <time>2026-05-01T00:39:37.4930000+00:00</time>
      </trkpt>
      <trkpt lat="46.7546" lon="7.89556">
        <ele>1594.54</ele>
        <time>2026-05-01T00:39:56.0990000+00:00</time>
      </trkpt>
      <trkpt lat="46.75459" lon="7.89543">
        <ele>1595.26</ele>
        <time>2026-05-01T00:40:08.0560000+00:00</time>
      </trkpt>
      <trkpt lat="46.75458" lon="7.89532">
        <ele>1595.86</ele>
        <time>2026-05-01T00:40:18.1990000+00:00</time>
      </trkpt>
      <trkpt lat="46.75459" lon="7.89525">
        <ele>1596.34</ele>
        <time>2026-05-01T00:40:24.7340000+00:00</time>
      </trkpt>
      <trkpt lat="46.75461" lon="7.89517">
        <ele>1596.94</ele>
        <time>2026-05-01T00:40:32.5190000+00:00</time>
      </trkpt>
      <trkpt lat="46.75463" lon="7.8951">
        <ele>1597.48</ele>
        <time>2026-05-01T00:40:39.4510000+00:00</time>
      </trkpt>
      <trkpt lat="46.75468" lon="7.89501">
        <ele>1598.46</ele>
        <time>2026-05-01T00:40:50.0430000+00:00</time>
      </trkpt>
      <trkpt lat="46.75472" lon="7.89496">
        <ele>1599.06</ele>
        <time>2026-05-01T00:40:57.0690000+00:00</time>
      </trkpt>
      <trkpt lat="46.75478" lon="7.8949">
        <ele>1599.81</ele>
        <time>2026-05-01T00:41:06.7720000+00:00</time>
      </trkpt>
      <trkpt lat="46.75483" lon="7.89487">
        <ele>1600.27</ele>
        <time>2026-05-01T00:41:13.9850000+00:00</time>
      </trkpt>
      <trkpt lat="46.75489" lon="7.89485">
        <ele>1600.69</ele>
        <time>2026-05-01T00:41:22.1960000+00:00</time>
      </trkpt>
      <trkpt lat="46.75496" lon="7.89485">
        <ele>1601.01</ele>
        <time>2026-05-01T00:41:31.5360000+00:00</time>
      </trkpt>
      <trkpt lat="46.75502" lon="7.89486">
        <ele>1601.23</ele>
        <time>2026-05-01T00:41:39.5930000+00:00</time>
      </trkpt>
      <trkpt lat="46.75507" lon="7.89488">
        <ele>1601.35</ele>
        <time>2026-05-01T00:41:46.5100000+00:00</time>
      </trkpt>
      <trkpt lat="46.75514" lon="7.89493">
        <ele>1601.43</ele>
        <time>2026-05-01T00:41:56.9080000+00:00</time>
      </trkpt>
      <trkpt lat="46.75519" lon="7.89498">
        <ele>1601.44</ele>
        <time>2026-05-01T00:42:04.9940000+00:00</time>
      </trkpt>
      <trkpt lat="46.75527" lon="7.89508">
        <ele>1600.24</ele>
        <time>2026-05-01T00:42:19.0470000+00:00</time>
      </trkpt>
      <trkpt lat="46.75537" lon="7.89523">
        <ele>1598.25</ele>
        <time>2026-05-01T00:42:38.1780000+00:00</time>
      </trkpt>
      <trkpt lat="46.75551" lon="7.89544">
        <ele>1595.67</ele>
        <time>2026-05-01T00:43:04.9610000+00:00</time>
      </trkpt>
      <trkpt lat="46.75567" lon="7.89568">
        <ele>1593.04</ele>
        <time>2026-05-01T00:43:35.5710000+00:00</time>
      </trkpt>
      <trkpt lat="46.75576" lon="7.89582">
        <ele>1591.69</ele>
        <time>2026-05-01T00:43:53.1190000+00:00</time>
      </trkpt>
      <trkpt lat="46.7558" lon="7.89588">
        <ele>1591.13</ele>
        <time>2026-05-01T00:44:00.7710000+00:00</time>
      </trkpt>
      <trkpt lat="46.75586" lon="7.89596">
        <ele>1590.19</ele>
        <time>2026-05-01T00:44:11.6120000+00:00</time>
      </trkpt>
      <trkpt lat="46.75592" lon="7.89605">
        <ele>1589.09</ele>
        <time>2026-05-01T00:44:23.0910000+00:00</time>
      </trkpt>
      <trkpt lat="46.75597" lon="7.8961">
        <ele>1588.39</ele>
        <time>2026-05-01T00:44:31.1770000+00:00</time>
      </trkpt>
      <trkpt lat="46.75601" lon="7.89613">
        <ele>1587.92</ele>
        <time>2026-05-01T00:44:37.1760000+00:00</time>
      </trkpt>
      <trkpt lat="46.75607" lon="7.89614">
        <ele>1587.42</ele>
        <time>2026-05-01T00:44:45.2330000+00:00</time>
      </trkpt>
      <trkpt lat="46.75612" lon="7.89613">
        <ele>1587.09</ele>
        <time>2026-05-01T00:44:51.9660000+00:00</time>
      </trkpt>
      <trkpt lat="46.75617" lon="7.89611">
        <ele>1586.81</ele>
        <time>2026-05-01T00:44:58.8840000+00:00</time>
      </trkpt>
      <trkpt lat="46.75622" lon="7.89606">
        <ele>1586.69</ele>
        <time>2026-05-01T00:45:06.9710000+00:00</time>
      </trkpt>
      <trkpt lat="46.75626" lon="7.896">
        <ele>1586.69</ele>
        <time>2026-05-01T00:45:14.6240000+00:00</time>
      </trkpt>
      <trkpt lat="46.75629" lon="7.89593">
        <ele>1586.82</ele>
        <time>2026-05-01T00:45:22.1710000+00:00</time>
      </trkpt>
      <trkpt lat="46.75631" lon="7.89585">
        <ele>1586.68</ele>
        <time>2026-05-01T00:45:29.9550000+00:00</time>
      </trkpt>
      <trkpt lat="46.75636" lon="7.89563">
        <ele>1586.03</ele>
        <time>2026-05-01T00:45:51.1420000+00:00</time>
      </trkpt>
      <trkpt lat="46.7564" lon="7.89534">
        <ele>1585.21</ele>
        <time>2026-05-01T00:46:18.1820000+00:00</time>
      </trkpt>
      <trkpt lat="46.75642" lon="7.89508">
        <ele>1584.54</ele>
        <time>2026-05-01T00:46:42.0960000+00:00</time>
      </trkpt>
      <trkpt lat="46.75644" lon="7.89479">
        <ele>1583.64</ele>
        <time>2026-05-01T00:47:08.7380000+00:00</time>
      </trkpt>
      <trkpt lat="46.75646" lon="7.89461">
        <ele>1583.06</ele>
        <time>2026-05-01T00:47:25.4060000+00:00</time>
      </trkpt>
      <trkpt lat="46.75646" lon="7.89444">
        <ele>1582.76</ele>
        <time>2026-05-01T00:47:40.9450000+00:00</time>
      </trkpt>
      <trkpt lat="46.75647" lon="7.89424">
        <ele>1582.38</ele>
        <time>2026-05-01T00:47:59.2750000+00:00</time>
      </trkpt>
      <trkpt lat="46.75646" lon="7.89402">
        <ele>1582.73</ele>
        <time>2026-05-01T00:48:19.4280000+00:00</time>
      </trkpt>
      <trkpt lat="46.75646" lon="7.89386">
        <ele>1582.93</ele>
        <time>2026-05-01T00:48:34.0540000+00:00</time>
      </trkpt>
      <trkpt lat="46.75647" lon="7.89373">
        <ele>1583.04</ele>
        <time>2026-05-01T00:48:46.0110000+00:00</time>
      </trkpt>
      <trkpt lat="46.75648" lon="7.89361">
        <ele>1583.15</ele>
        <time>2026-05-01T00:48:57.0610000+00:00</time>
      </trkpt>
      <trkpt lat="46.75651" lon="7.8935">
        <ele>1583.18</ele>
        <time>2026-05-01T00:49:07.8830000+00:00</time>
      </trkpt>
      <trkpt lat="46.75654" lon="7.89336">
        <ele>1583.5</ele>
        <time>2026-05-01T00:49:21.2900000+00:00</time>
      </trkpt>
      <trkpt lat="46.75659" lon="7.89324">
        <ele>1583.95</ele>
        <time>2026-05-01T00:49:34.1280000+00:00</time>
      </trkpt>
      <trkpt lat="46.75664" lon="7.89315">
        <ele>1584.28</ele>
        <time>2026-05-01T00:49:44.7180000+00:00</time>
      </trkpt>
      <trkpt lat="46.7567" lon="7.89303">
        <ele>1584.77</ele>
        <time>2026-05-01T00:49:58.2970000+00:00</time>
      </trkpt>
      <trkpt lat="46.75674" lon="7.89297">
        <ele>1585.01</ele>
        <time>2026-05-01T00:50:05.9500000+00:00</time>
      </trkpt>
      <trkpt lat="46.75681" lon="7.89291">
        <ele>1585.2</ele>
        <time>2026-05-01T00:50:16.7810000+00:00</time>
      </trkpt>
      <trkpt lat="46.75688" lon="7.89285">
        <ele>1585.51</ele>
        <time>2026-05-01T00:50:27.6110000+00:00</time>
      </trkpt>
      <trkpt lat="46.75694" lon="7.89281">
        <ele>1586.16</ele>
        <time>2026-05-01T00:50:36.4110000+00:00</time>
      </trkpt>
      <trkpt lat="46.75701" lon="7.89277">
        <ele>1586.92</ele>
        <time>2026-05-01T00:50:46.4400000+00:00</time>
      </trkpt>
      <trkpt lat="46.75708" lon="7.89275">
        <ele>1587.56</ele>
        <time>2026-05-01T00:50:55.9560000+00:00</time>
      </trkpt>
      <trkpt lat="46.75715" lon="7.89274">
        <ele>1588.15</ele>
        <time>2026-05-01T00:51:05.3390000+00:00</time>
      </trkpt>
      <trkpt lat="46.75723" lon="7.89274">
        <ele>1588.74</ele>
        <time>2026-05-01T00:51:16.0120000+00:00</time>
      </trkpt>
      <trkpt lat="46.75731" lon="7.89275">
        <ele>1589.23</ele>
        <time>2026-05-01T00:51:26.7250000+00:00</time>
      </trkpt>
      <trkpt lat="46.75738" lon="7.89278">
        <ele>1589.45</ele>
        <time>2026-05-01T00:51:36.4580000+00:00</time>
      </trkpt>
      <trkpt lat="46.75746" lon="7.89282">
        <ele>1589.6</ele>
        <time>2026-05-01T00:51:47.7390000+00:00</time>
      </trkpt>
      <trkpt lat="46.75752" lon="7.89285">
        <ele>1589.68</ele>
        <time>2026-05-01T00:51:56.2010000+00:00</time>
      </trkpt>
      <trkpt lat="46.75758" lon="7.8929">
        <ele>1589.52</ele>
        <time>2026-05-01T00:52:05.4180000+00:00</time>
      </trkpt>
      <trkpt lat="46.75765" lon="7.89295">
        <ele>1589.37</ele>
        <time>2026-05-01T00:52:15.8160000+00:00</time>
      </trkpt>
      <trkpt lat="46.75771" lon="7.89301">
        <ele>1588.91</ele>
        <time>2026-05-01T00:52:25.5190000+00:00</time>
      </trkpt>
      <trkpt lat="46.75779" lon="7.89309">
        <ele>1587.52</ele>
        <time>2026-05-01T00:52:38.4580000+00:00</time>
      </trkpt>
      <trkpt lat="46.75786" lon="7.89318">
        <ele>1586.09</ele>
        <time>2026-05-01T00:52:50.9030000+00:00</time>
      </trkpt>
      <trkpt lat="46.75795" lon="7.89329">
        <ele>1584.35</ele>
        <time>2026-05-01T00:53:06.5650000+00:00</time>
      </trkpt>
      <trkpt lat="46.75803" lon="7.89338">
        <ele>1582.91</ele>
        <time>2026-05-01T00:53:20.0400000+00:00</time>
      </trkpt>
      <trkpt lat="46.7581" lon="7.89345">
        <ele>1581.68</ele>
        <time>2026-05-01T00:53:31.3600000+00:00</time>
      </trkpt>
      <trkpt lat="46.75816" lon="7.89351">
        <ele>1580.54</ele>
        <time>2026-05-01T00:53:41.0640000+00:00</time>
      </trkpt>
      <trkpt lat="46.75822" lon="7.89355">
        <ele>1579.71</ele>
        <time>2026-05-01T00:53:49.8640000+00:00</time>
      </trkpt>
      <trkpt lat="46.75833" lon="7.89361">
        <ele>1578.39</ele>
        <time>2026-05-01T00:54:05.5310000+00:00</time>
      </trkpt>
      <trkpt lat="46.75845" lon="7.89368">
        <ele>1576.94</ele>
        <time>2026-05-01T00:54:22.7720000+00:00</time>
      </trkpt>
      <trkpt lat="46.75858" lon="7.89374">
        <ele>1576.38</ele>
        <time>2026-05-01T00:54:40.9630000+00:00</time>
      </trkpt>
      <trkpt lat="46.75866" lon="7.89379">
        <ele>1576.76</ele>
        <time>2026-05-01T00:54:52.5730000+00:00</time>
      </trkpt>
      <trkpt lat="46.75873" lon="7.89383">
        <ele>1577.18</ele>
        <time>2026-05-01T00:55:02.6030000+00:00</time>
      </trkpt>
      <trkpt lat="46.75879" lon="7.89387">
        <ele>1577.5</ele>
        <time>2026-05-01T00:55:11.4030000+00:00</time>
      </trkpt>
      <trkpt lat="46.75884" lon="7.89388">
        <ele>1578.06</ele>
        <time>2026-05-01T00:55:18.1360000+00:00</time>
      </trkpt>
      <trkpt lat="46.75888" lon="7.89389">
        <ele>1578.49</ele>
        <time>2026-05-01T00:55:23.5500000+00:00</time>
      </trkpt>
      <trkpt lat="46.75892" lon="7.89389">
        <ele>1579.03</ele>
        <time>2026-05-01T00:55:28.8880000+00:00</time>
      </trkpt>
      <trkpt lat="46.75896" lon="7.89388">
        <ele>1579.67</ele>
        <time>2026-05-01T00:55:34.3030000+00:00</time>
      </trkpt>
      <trkpt lat="46.75901" lon="7.89386">
        <ele>1580.56</ele>
        <time>2026-05-01T00:55:41.2200000+00:00</time>
      </trkpt>
      <trkpt lat="46.75904" lon="7.89382">
        <ele>1581.37</ele>
        <time>2026-05-01T00:55:46.6400000+00:00</time>
      </trkpt>
      <trkpt lat="46.75907" lon="7.89378">
        <ele>1582.17</ele>
        <time>2026-05-01T00:55:52.0610000+00:00</time>
      </trkpt>
      <trkpt lat="46.7591" lon="7.89373">
        <ele>1583.05</ele>
        <time>2026-05-01T00:55:58.1360000+00:00</time>
      </trkpt>
      <trkpt lat="46.75914" lon="7.89363">
        <ele>1584.52</ele>
        <time>2026-05-01T00:56:08.7200000+00:00</time>
      </trkpt>
      <trkpt lat="46.75919" lon="7.89353">
        <ele>1586.07</ele>
        <time>2026-05-01T00:56:20.0360000+00:00</time>
      </trkpt>
      <trkpt lat="46.75922" lon="7.89344">
        <ele>1587.24</ele>
        <time>2026-05-01T00:56:29.1840000+00:00</time>
      </trkpt>
      <trkpt lat="46.75925" lon="7.89336">
        <ele>1588.21</ele>
        <time>2026-05-01T00:56:37.5200000+00:00</time>
      </trkpt>
      <trkpt lat="46.75927" lon="7.89327">
        <ele>1589.11</ele>
        <time>2026-05-01T00:56:46.1670000+00:00</time>
      </trkpt>
      <trkpt lat="46.75929" lon="7.89318">
        <ele>1589.99</ele>
        <time>2026-05-01T00:56:54.8150000+00:00</time>
      </trkpt>
      <trkpt lat="46.75932" lon="7.89305">
        <ele>1591.25</ele>
        <time>2026-05-01T00:57:07.3530000+00:00</time>
      </trkpt>
      <trkpt lat="46.75933" lon="7.89298">
        <ele>1591.86</ele>
        <time>2026-05-01T00:57:13.8890000+00:00</time>
      </trkpt>
      <trkpt lat="46.75936" lon="7.89292">
        <ele>1592.56</ele>
        <time>2026-05-01T00:57:20.6780000+00:00</time>
      </trkpt>
      <trkpt lat="46.75938" lon="7.89288">
        <ele>1593.14</ele>
        <time>2026-05-01T00:57:25.2030000+00:00</time>
      </trkpt>
      <trkpt lat="46.75941" lon="7.89284">
        <ele>1593.99</ele>
        <time>2026-05-01T00:57:30.6240000+00:00</time>
      </trkpt>
      <trkpt lat="46.75945" lon="7.89282">
        <ele>1594.88</ele>
        <time>2026-05-01T00:57:36.2650000+00:00</time>
      </trkpt>
      <trkpt lat="46.75949" lon="7.8928">
        <ele>1595.77</ele>
        <time>2026-05-01T00:57:41.9050000+00:00</time>
      </trkpt>
      <trkpt lat="46.75952" lon="7.8928">
        <ele>1596.33</ele>
        <time>2026-05-01T00:57:45.9070000+00:00</time>
      </trkpt>
      <trkpt lat="46.75955" lon="7.89281">
        <ele>1596.81</ele>
        <time>2026-05-01T00:57:50.0140000+00:00</time>
      </trkpt>
      <trkpt lat="46.75959" lon="7.89284">
        <ele>1597.32</ele>
        <time>2026-05-01T00:57:56.0140000+00:00</time>
      </trkpt>
      <trkpt lat="46.75963" lon="7.89288">
        <ele>1597.74</ele>
        <time>2026-05-01T00:58:02.4820000+00:00</time>
      </trkpt>
      <trkpt lat="46.75968" lon="7.89297">
        <ele>1597.93</ele>
        <time>2026-05-01T00:58:13.0720000+00:00</time>
      </trkpt>
      <trkpt lat="46.75976" lon="7.89311">
        <ele>1598.21</ele>
        <time>2026-05-01T00:58:29.7350000+00:00</time>
      </trkpt>
      <trkpt lat="46.75984" lon="7.89325">
        <ele>1598.43</ele>
        <time>2026-05-01T00:58:46.3990000+00:00</time>
      </trkpt>
      <trkpt lat="46.75992" lon="7.89337">
        <ele>1598.75</ele>
        <time>2026-05-01T00:59:01.7030000+00:00</time>
      </trkpt>
      <trkpt lat="46.75995" lon="7.89341">
        <ele>1598.91</ele>
        <time>2026-05-01T00:59:07.1230000+00:00</time>
      </trkpt>
      <trkpt lat="46.76002" lon="7.8935">
        <ele>1599.62</ele>
        <time>2026-05-01T00:59:19.5680000+00:00</time>
      </trkpt>
      <trkpt lat="46.76014" lon="7.89365">
        <ele>1601.09</ele>
        <time>2026-05-01T00:59:40.6460000+00:00</time>
      </trkpt>
      <trkpt lat="46.76021" lon="7.89374">
        <ele>1602.04</ele>
        <time>2026-05-01T00:59:53.0920000+00:00</time>
      </trkpt>
      <trkpt lat="46.76026" lon="7.89383">
        <ele>1602.58</ele>
        <time>2026-05-01T01:00:03.6830000+00:00</time>
      </trkpt>
      <trkpt lat="46.76031" lon="7.89394">
        <ele>1603</ele>
        <time>2026-05-01T01:00:15.7490000+00:00</time>
      </trkpt>
      <trkpt lat="46.76036" lon="7.89405">
        <ele>1603.38</ele>
        <time>2026-05-01T01:00:27.8150000+00:00</time>
      </trkpt>
      <trkpt lat="46.76039" lon="7.89416">
        <ele>1603.39</ele>
        <time>2026-05-01T01:00:38.6370000+00:00</time>
      </trkpt>
      <trkpt lat="46.76042" lon="7.89428">
        <ele>1603.32</ele>
        <time>2026-05-01T01:00:50.3120000+00:00</time>
      </trkpt>
      <trkpt lat="46.76043" lon="7.8944">
        <ele>1602.93</ele>
        <time>2026-05-01T01:01:01.3610000+00:00</time>
      </trkpt>
      <trkpt lat="46.76044" lon="7.89452">
        <ele>1602.52</ele>
        <time>2026-05-01T01:01:12.4090000+00:00</time>
      </trkpt>
      <trkpt lat="46.76045" lon="7.89476">
        <ele>1601.54</ele>
        <time>2026-05-01T01:01:34.3850000+00:00</time>
      </trkpt>
      <trkpt lat="46.76045" lon="7.89498">
        <ele>1600.51</ele>
        <time>2026-05-01T01:01:54.4930000+00:00</time>
      </trkpt>
      <trkpt lat="46.76045" lon="7.89523">
        <ele>1598.98</ele>
        <time>2026-05-01T01:02:17.3420000+00:00</time>
      </trkpt>
      <trkpt lat="46.76044" lon="7.89549">
        <ele>1596.98</ele>
        <time>2026-05-01T01:02:41.1430000+00:00</time>
      </trkpt>
      <trkpt lat="46.76045" lon="7.89562">
        <ele>1596.17</ele>
        <time>2026-05-01T01:02:53.1000000+00:00</time>
      </trkpt>
      <trkpt lat="46.76047" lon="7.89576">
        <ele>1595.4</ele>
        <time>2026-05-01T01:03:06.1710000+00:00</time>
      </trkpt>
      <trkpt lat="46.76049" lon="7.89585">
        <ele>1594.99</ele>
        <time>2026-05-01T01:03:14.8180000+00:00</time>
      </trkpt>
      <trkpt lat="46.76052" lon="7.89595">
        <ele>1594.66</ele>
        <time>2026-05-01T01:03:24.7950000+00:00</time>
      </trkpt>
      <trkpt lat="46.76057" lon="7.89604">
        <ele>1594.71</ele>
        <time>2026-05-01T01:03:35.3860000+00:00</time>
      </trkpt>
      <trkpt lat="46.76063" lon="7.89613">
        <ele>1594.91</ele>
        <time>2026-05-01T01:03:46.8640000+00:00</time>
      </trkpt>
      <trkpt lat="46.76069" lon="7.8962">
        <ele>1595.27</ele>
        <time>2026-05-01T01:03:57.1120000+00:00</time>
      </trkpt>
      <trkpt lat="46.76077" lon="7.89627">
        <ele>1595.9</ele>
        <time>2026-05-01T01:04:09.5560000+00:00</time>
      </trkpt>
      <trkpt lat="46.76083" lon="7.89632">
        <ele>1596.41</ele>
        <time>2026-05-01T01:04:18.7740000+00:00</time>
      </trkpt>
      <trkpt lat="46.76093" lon="7.89637">
        <ele>1597.47</ele>
        <time>2026-05-01T01:04:32.8770000+00:00</time>
      </trkpt>
      <trkpt lat="46.761" lon="7.89641">
        <ele>1598.21</ele>
        <time>2026-05-01T01:04:42.9070000+00:00</time>
      </trkpt>
      <trkpt lat="46.76106" lon="7.89646">
        <ele>1598.34</ele>
        <time>2026-05-01T01:04:52.1240000+00:00</time>
      </trkpt>
      <trkpt lat="46.76112" lon="7.89651">
        <ele>1597.97</ele>
        <time>2026-05-01T01:05:01.3420000+00:00</time>
      </trkpt>
      <trkpt lat="46.76118" lon="7.8966">
        <ele>1597.46</ele>
        <time>2026-05-01T01:05:12.8190000+00:00</time>
      </trkpt>
      <trkpt lat="46.76125" lon="7.89671">
        <ele>1596.9</ele>
        <time>2026-05-01T01:05:26.5420000+00:00</time>
      </trkpt>
      <trkpt lat="46.7613" lon="7.89683">
        <ele>1596.3</ele>
        <time>2026-05-01T01:05:39.3790000+00:00</time>
      </trkpt>
      <trkpt lat="46.76135" lon="7.89695">
        <ele>1595.7</ele>
        <time>2026-05-01T01:05:52.2150000+00:00</time>
      </trkpt>
      <trkpt lat="46.7614" lon="7.89709">
        <ele>1595.07</ele>
        <time>2026-05-01T01:06:06.6460000+00:00</time>
      </trkpt>
      <trkpt lat="46.76144" lon="7.89727">
        <ele>1594.32</ele>
        <time>2026-05-01T01:06:23.9410000+00:00</time>
      </trkpt>
      <trkpt lat="46.7615" lon="7.8975">
        <ele>1593.46</ele>
        <time>2026-05-01T01:06:46.4350000+00:00</time>
      </trkpt>
      <trkpt lat="46.76155" lon="7.89771">
        <ele>1592.92</ele>
        <time>2026-05-01T01:07:06.7540000+00:00</time>
      </trkpt>
      <trkpt lat="46.76164" lon="7.89801">
        <ele>1592.54</ele>
        <time>2026-05-01T01:07:36.6870000+00:00</time>
      </trkpt>
      <trkpt lat="46.76174" lon="7.89838">
        <ele>1592.31</ele>
        <time>2026-05-01T01:08:13.0400000+00:00</time>
      </trkpt>
      <trkpt lat="46.76178" lon="7.89851">
        <ele>1592.25</ele>
        <time>2026-05-01T01:08:26.0650000+00:00</time>
      </trkpt>
      <trkpt lat="46.76181" lon="7.89861">
        <ele>1592.18</ele>
        <time>2026-05-01T01:08:36.0420000+00:00</time>
      </trkpt>
      <trkpt lat="46.76188" lon="7.89878">
        <ele>1592.09</ele>
        <time>2026-05-01T01:08:54.1700000+00:00</time>
      </trkpt>
      <trkpt lat="46.76194" lon="7.89896">
        <ele>1591.55</ele>
        <time>2026-05-01T01:09:12.4650000+00:00</time>
      </trkpt>
      <trkpt lat="46.76202" lon="7.89916">
        <ele>1590.99</ele>
        <time>2026-05-01T01:09:33.6330000+00:00</time>
      </trkpt>
      <trkpt lat="46.76208" lon="7.89931">
        <ele>1590.58</ele>
        <time>2026-05-01T01:09:49.5080000+00:00</time>
      </trkpt>
      <trkpt lat="46.76213" lon="7.89945">
        <ele>1590.19</ele>
        <time>2026-05-01T01:10:03.9380000+00:00</time>
      </trkpt>
      <trkpt lat="46.7622" lon="7.89962">
        <ele>1589.8</ele>
        <time>2026-05-01T01:10:22.0660000+00:00</time>
      </trkpt>
      <trkpt lat="46.76228" lon="7.89983">
        <ele>1589.45</ele>
        <time>2026-05-01T01:10:44.0270000+00:00</time>
      </trkpt>
      <trkpt lat="46.76235" lon="7.90005">
        <ele>1589.21</ele>
        <time>2026-05-01T01:11:06.1970000+00:00</time>
      </trkpt>
      <trkpt lat="46.76244" lon="7.90028">
        <ele>1589.02</ele>
        <time>2026-05-01T01:11:30.4060000+00:00</time>
      </trkpt>
      <trkpt lat="46.76251" lon="7.90043">
        <ele>1589.08</ele>
        <time>2026-05-01T01:11:46.9940000+00:00</time>
      </trkpt>
      <trkpt lat="46.76257" lon="7.90056">
        <ele>1589.25</ele>
        <time>2026-05-01T01:12:01.3200000+00:00</time>
      </trkpt>
      <trkpt lat="46.76261" lon="7.90065">
        <ele>1589.43</ele>
        <time>2026-05-01T01:12:11.1250000+00:00</time>
      </trkpt>
      <trkpt lat="46.76268" lon="7.90076">
        <ele>1589.87</ele>
        <time>2026-05-01T01:12:24.8460000+00:00</time>
      </trkpt>
      <trkpt lat="46.76274" lon="7.90088">
        <ele>1589.9</ele>
        <time>2026-05-01T01:12:38.4240000+00:00</time>
      </trkpt>
      <trkpt lat="46.76279" lon="7.90097">
        <ele>1589.71</ele>
        <time>2026-05-01T01:12:49.0140000+00:00</time>
      </trkpt>
      <trkpt lat="46.76285" lon="7.90107">
        <ele>1589.45</ele>
        <time>2026-05-01T01:13:01.1630000+00:00</time>
      </trkpt>
      <trkpt lat="46.76288" lon="7.90114">
        <ele>1589.29</ele>
        <time>2026-05-01T01:13:08.7100000+00:00</time>
      </trkpt>
      <trkpt lat="46.76292" lon="7.90122">
        <ele>1589.1</ele>
        <time>2026-05-01T01:13:17.7620000+00:00</time>
      </trkpt>
      <trkpt lat="46.76296" lon="7.90132">
        <ele>1588.88</ele>
        <time>2026-05-01T01:13:28.3460000+00:00</time>
      </trkpt>
      <trkpt lat="46.76297" lon="7.90132">
        <ele>1588.86</ele>
        <time>2026-05-01T01:13:29.6840000+00:00</time>
      </trkpt>
      <trkpt lat="46.76297" lon="7.90132">
        <ele>1588.86</ele>
        <time>2026-05-01T01:13:29.6840000+00:00</time>
      </trkpt>
      <trkpt lat="46.763" lon="7.90131">
        <ele>1588.8</ele>
        <time>2026-05-01T01:13:33.7910000+00:00</time>
      </trkpt>
      <trkpt lat="46.76303" lon="7.90129">
        <ele>1588.75</ele>
        <time>2026-05-01T01:13:38.1910000+00:00</time>
      </trkpt>
      <trkpt lat="46.76307" lon="7.90127">
        <ele>1588.68</ele>
        <time>2026-05-01T01:13:43.8310000+00:00</time>
      </trkpt>
      <trkpt lat="46.76313" lon="7.90122">
        <ele>1588.6</ele>
        <time>2026-05-01T01:13:53.0490000+00:00</time>
      </trkpt>
      <trkpt lat="46.76318" lon="7.90116">
        <ele>1588.55</ele>
        <time>2026-05-01T01:14:01.6830000+00:00</time>
      </trkpt>
      <trkpt lat="46.76326" lon="7.90108">
        <ele>1588.45</ele>
        <time>2026-05-01T01:14:14.6200000+00:00</time>
      </trkpt>
      <trkpt lat="46.76341" lon="7.9009">
        <ele>1588.31</ele>
        <time>2026-05-01T01:14:40.5270000+00:00</time>
      </trkpt>
      <trkpt lat="46.76354" lon="7.90076">
        <ele>1587.98</ele>
        <time>2026-05-01T01:15:02.0800000+00:00</time>
      </trkpt>
      <trkpt lat="46.76365" lon="7.90062">
        <ele>1586.15</ele>
        <time>2026-05-01T01:15:21.5500000+00:00</time>
      </trkpt>
      <trkpt lat="46.76373" lon="7.90051">
        <ele>1585.21</ele>
        <time>2026-05-01T01:15:36.2130000+00:00</time>
      </trkpt>
      <trkpt lat="46.76382" lon="7.9004">
        <ele>1584.46</ele>
        <time>2026-05-01T01:15:51.8740000+00:00</time>
      </trkpt>
      <trkpt lat="46.7639" lon="7.90026">
        <ele>1584.46</ele>
        <time>2026-05-01T01:16:08.5360000+00:00</time>
      </trkpt>
      <trkpt lat="46.76403" lon="7.90001">
        <ele>1585.63</ele>
        <time>2026-05-01T01:16:37.2210000+00:00</time>
      </trkpt>
      <trkpt lat="46.76413" lon="7.89983">
        <ele>1587.15</ele>
        <time>2026-05-01T01:16:58.4020000+00:00</time>
      </trkpt>
      <trkpt lat="46.76423" lon="7.89966">
        <ele>1589</ele>
        <time>2026-05-01T01:17:18.8810000+00:00</time>
      </trkpt>
      <trkpt lat="46.76432" lon="7.89953">
        <ele>1590.69</ele>
        <time>2026-05-01T01:17:35.7740000+00:00</time>
      </trkpt>
      <trkpt lat="46.76443" lon="7.89936">
        <ele>1592.84</ele>
        <time>2026-05-01T01:17:57.1460000+00:00</time>
      </trkpt>
      <trkpt lat="46.76454" lon="7.89921">
        <ele>1594.69</ele>
        <time>2026-05-01T01:18:17.2290000+00:00</time>
      </trkpt>
      <trkpt lat="46.76463" lon="7.89908">
        <ele>1596.22</ele>
        <time>2026-05-01T01:18:34.1210000+00:00</time>
      </trkpt>
      <trkpt lat="46.7647" lon="7.89901">
        <ele>1597.15</ele>
        <time>2026-05-01T01:18:45.4410000+00:00</time>
      </trkpt>
      <trkpt lat="46.76474" lon="7.89897">
        <ele>1597.75</ele>
        <time>2026-05-01T01:18:51.9090000+00:00</time>
      </trkpt>
      <trkpt lat="46.76479" lon="7.89894">
        <ele>1598.22</ele>
        <time>2026-05-01T01:18:59.1220000+00:00</time>
      </trkpt>
      <trkpt lat="46.76483" lon="7.89893">
        <ele>1598.38</ele>
        <time>2026-05-01T01:19:04.5370000+00:00</time>
      </trkpt>
      <trkpt lat="46.76488" lon="7.89892">
        <ele>1598.56</ele>
        <time>2026-05-01T01:19:11.2700000+00:00</time>
      </trkpt>
      <trkpt lat="46.76493" lon="7.89893">
        <ele>1598.36</ele>
        <time>2026-05-01T01:19:18.0030000+00:00</time>
      </trkpt>
      <trkpt lat="46.76498" lon="7.89894">
        <ele>1598.16</ele>
        <time>2026-05-01T01:19:24.7360000+00:00</time>
      </trkpt>
      <trkpt lat="46.76504" lon="7.89898">
        <ele>1597.32</ele>
        <time>2026-05-01T01:19:33.5370000+00:00</time>
      </trkpt>
      <trkpt lat="46.76511" lon="7.89903">
        <ele>1596.17</ele>
        <time>2026-05-01T01:19:43.9340000+00:00</time>
      </trkpt>
      <trkpt lat="46.76522" lon="7.89912">
        <ele>1593.52</ele>
        <time>2026-05-01T01:20:00.7580000+00:00</time>
      </trkpt>
      <trkpt lat="46.76531" lon="7.8992">
        <ele>1589.88</ele>
        <time>2026-05-01T01:20:14.8170000+00:00</time>
      </trkpt>
      <trkpt lat="46.76538" lon="7.89925">
        <ele>1587.25</ele>
        <time>2026-05-01T01:20:25.2140000+00:00</time>
      </trkpt>
      <trkpt lat="46.76544" lon="7.89928">
        <ele>1585.18</ele>
        <time>2026-05-01T01:20:33.6760000+00:00</time>
      </trkpt>
      <trkpt lat="46.76549" lon="7.89928">
        <ele>1584.17</ele>
        <time>2026-05-01T01:20:40.3470000+00:00</time>
      </trkpt>
      <trkpt lat="46.76553" lon="7.89927">
        <ele>1583.64</ele>
        <time>2026-05-01T01:20:45.7620000+00:00</time>
      </trkpt>
      <trkpt lat="46.76558" lon="7.89924">
        <ele>1583.44</ele>
        <time>2026-05-01T01:20:52.9740000+00:00</time>
      </trkpt>
      <trkpt lat="46.76562" lon="7.8992">
        <ele>1583.71</ele>
        <time>2026-05-01T01:20:59.4420000+00:00</time>
      </trkpt>
      <trkpt lat="46.76565" lon="7.89913">
        <ele>1585.03</ele>
        <time>2026-05-01T01:21:06.9880000+00:00</time>
      </trkpt>
      <trkpt lat="46.76567" lon="7.89906">
        <ele>1586.58</ele>
        <time>2026-05-01T01:21:13.9190000+00:00</time>
      </trkpt>
      <trkpt lat="46.76568" lon="7.89899">
        <ele>1588.33</ele>
        <time>2026-05-01T01:21:20.4530000+00:00</time>
      </trkpt>
      <trkpt lat="46.76569" lon="7.89889">
        <ele>1590.94</ele>
        <time>2026-05-01T01:21:29.6890000+00:00</time>
      </trkpt>
      <trkpt lat="46.76568" lon="7.8988">
        <ele>1593.6</ele>
        <time>2026-05-01T01:21:38.0220000+00:00</time>
      </trkpt>
      <trkpt lat="46.76567" lon="7.89869">
        <ele>1596.79</ele>
        <time>2026-05-01T01:21:48.1630000+00:00</time>
      </trkpt>
      <trkpt lat="46.76564" lon="7.89858">
        <ele>1600.24</ele>
        <time>2026-05-01T01:21:58.9840000+00:00</time>
      </trkpt>
      <trkpt lat="46.76561" lon="7.89847">
        <ele>1603.62</ele>
        <time>2026-05-01T01:22:09.8040000+00:00</time>
      </trkpt>
      <trkpt lat="46.76556" lon="7.89834">
        <ele>1606.95</ele>
        <time>2026-05-01T01:22:23.4300000+00:00</time>
      </trkpt>
      <trkpt lat="46.7655" lon="7.89818">
        <ele>1610.3</ele>
        <time>2026-05-01T01:22:40.1000000+00:00</time>
      </trkpt>
      <trkpt lat="46.76544" lon="7.89807">
        <ele>1612.69</ele>
        <time>2026-05-01T01:22:52.9510000+00:00</time>
      </trkpt>
      <trkpt lat="46.7654" lon="7.89796">
        <ele>1614.82</ele>
        <time>2026-05-01T01:23:04.3330000+00:00</time>
      </trkpt>
      <trkpt lat="46.76534" lon="7.8978">
        <ele>1617.82</ele>
        <time>2026-05-01T01:23:21.0040000+00:00</time>
      </trkpt>
      <trkpt lat="46.76531" lon="7.89769">
        <ele>1619.72</ele>
        <time>2026-05-01T01:23:31.8240000+00:00</time>
      </trkpt>
      <trkpt lat="46.76528" lon="7.89757">
        <ele>1621.61</ele>
        <time>2026-05-01T01:23:43.4990000+00:00</time>
      </trkpt>
      <trkpt lat="46.76522" lon="7.89732">
        <ele>1623.81</ele>
        <time>2026-05-01T01:24:07.7080000+00:00</time>
      </trkpt>
      <trkpt lat="46.76519" lon="7.89719">
        <ele>1624.8</ele>
        <time>2026-05-01T01:24:20.2450000+00:00</time>
      </trkpt>
      <trkpt lat="46.76519" lon="7.89713">
        <ele>1625.24</ele>
        <time>2026-05-01T01:24:25.7290000+00:00</time>
      </trkpt>
      <trkpt lat="46.76519" lon="7.89708">
        <ele>1625.6</ele>
        <time>2026-05-01T01:24:30.3000000+00:00</time>
      </trkpt>
      <trkpt lat="46.76521" lon="7.89703">
        <ele>1625.97</ele>
        <time>2026-05-01T01:24:35.5910000+00:00</time>
      </trkpt>
      <trkpt lat="46.76523" lon="7.897">
        <ele>1626.16</ele>
        <time>2026-05-01T01:24:39.4190000+00:00</time>
      </trkpt>
      <trkpt lat="46.76525" lon="7.89698">
        <ele>1626.27</ele>
        <time>2026-05-01T01:24:42.6530000+00:00</time>
      </trkpt>
      <trkpt lat="46.76529" lon="7.89698">
        <ele>1626.21</ele>
        <time>2026-05-01T01:24:47.9880000+00:00</time>
      </trkpt>
      <trkpt lat="46.76535" lon="7.89699">
        <ele>1626.03</ele>
        <time>2026-05-01T01:24:56.0460000+00:00</time>
      </trkpt>
      <trkpt lat="46.76543" lon="7.89701">
        <ele>1625.71</ele>
        <time>2026-05-01T01:25:06.8750000+00:00</time>
      </trkpt>
      <trkpt lat="46.76549" lon="7.89701">
        <ele>1625.6</ele>
        <time>2026-05-01T01:25:14.8810000+00:00</time>
      </trkpt>
      <trkpt lat="46.76555" lon="7.89701">
        <ele>1625.49</ele>
        <time>2026-05-01T01:25:22.8880000+00:00</time>
      </trkpt>
      <trkpt lat="46.76561" lon="7.89698">
        <ele>1625.68</ele>
        <time>2026-05-01T01:25:31.3500000+00:00</time>
      </trkpt>
      <trkpt lat="46.76566" lon="7.89693">
        <ele>1626.13</ele>
        <time>2026-05-01T01:25:39.4370000+00:00</time>
      </trkpt>
      <trkpt lat="46.76571" lon="7.89688">
        <ele>1626.61</ele>
        <time>2026-05-01T01:25:47.5230000+00:00</time>
      </trkpt>
      <trkpt lat="46.76575" lon="7.89681">
        <ele>1627.36</ele>
        <time>2026-05-01T01:25:55.8540000+00:00</time>
      </trkpt>
      <trkpt lat="46.76578" lon="7.89673">
        <ele>1628.28</ele>
        <time>2026-05-01T01:26:04.1890000+00:00</time>
      </trkpt>
      <trkpt lat="46.76582" lon="7.89662">
        <ele>1629.67</ele>
        <time>2026-05-01T01:26:15.5710000+00:00</time>
      </trkpt>
      <trkpt lat="46.76585" lon="7.89649">
        <ele>1631.34</ele>
        <time>2026-05-01T01:26:28.1080000+00:00</time>
      </trkpt>
      <trkpt lat="46.76585" lon="7.89641">
        <ele>1632.35</ele>
        <time>2026-05-01T01:26:35.4200000+00:00</time>
      </trkpt>
      <trkpt lat="46.76585" lon="7.89631">
        <ele>1633.62</ele>
        <time>2026-05-01T01:26:44.5590000+00:00</time>
      </trkpt>
      <trkpt lat="46.76586" lon="7.89622">
        <ele>1634.78</ele>
        <time>2026-05-01T01:26:52.8930000+00:00</time>
      </trkpt>
      <trkpt lat="46.76587" lon="7.89614">
        <ele>1635.81</ele>
        <time>2026-05-01T01:27:00.3240000+00:00</time>
      </trkpt>
      <trkpt lat="46.76588" lon="7.8961">
        <ele>1636.34</ele>
        <time>2026-05-01T01:27:04.2140000+00:00</time>
      </trkpt>
      <trkpt lat="46.76589" lon="7.89598">
        <ele>1637.9</ele>
        <time>2026-05-01T01:27:15.2610000+00:00</time>
      </trkpt>
      <trkpt lat="46.7659" lon="7.89593">
        <ele>1638.56</ele>
        <time>2026-05-01T01:27:20.0210000+00:00</time>
      </trkpt>
      <trkpt lat="46.7659" lon="7.89588">
        <ele>1639.23</ele>
        <time>2026-05-01T01:27:24.5890000+00:00</time>
      </trkpt>
      <trkpt lat="46.76589" lon="7.89582">
        <ele>1640.01</ele>
        <time>2026-05-01T01:27:30.2310000+00:00</time>
      </trkpt>
      <trkpt lat="46.76587" lon="7.89572">
        <ele>1641.27</ele>
        <time>2026-05-01T01:27:39.7510000+00:00</time>
      </trkpt>
      <trkpt lat="46.76584" lon="7.89559">
        <ele>1642.86</ele>
        <time>2026-05-01T01:27:52.2880000+00:00</time>
      </trkpt>
      <trkpt lat="46.76583" lon="7.89548">
        <ele>1644.24</ele>
        <time>2026-05-01T01:28:02.4280000+00:00</time>
      </trkpt>
      <trkpt lat="46.76582" lon="7.89537">
        <ele>1645.6</ele>
        <time>2026-05-01T01:28:12.5690000+00:00</time>
      </trkpt>
      <trkpt lat="46.76581" lon="7.89524">
        <ele>1647.21</ele>
        <time>2026-05-01T01:28:24.5250000+00:00</time>
      </trkpt>
      <trkpt lat="46.76581" lon="7.8951">
        <ele>1649</ele>
        <time>2026-05-01T01:28:37.3190000+00:00</time>
      </trkpt>
      <trkpt lat="46.76581" lon="7.89484">
        <ele>1652.92</ele>
        <time>2026-05-01T01:29:01.0800000+00:00</time>
      </trkpt>
      <trkpt lat="46.7658" lon="7.89478">
        <ele>1653.71</ele>
        <time>2026-05-01T01:29:06.7230000+00:00</time>
      </trkpt>
      <trkpt lat="46.76579" lon="7.89473">
        <ele>1654.33</ele>
        <time>2026-05-01T01:29:11.4830000+00:00</time>
      </trkpt>
      <trkpt lat="46.76577" lon="7.89468">
        <ele>1654.8</ele>
        <time>2026-05-01T01:29:16.7740000+00:00</time>
      </trkpt>
      <trkpt lat="46.76573" lon="7.89456">
        <ele>1655.95</ele>
        <time>2026-05-01T01:29:28.9710000+00:00</time>
      </trkpt>
      <trkpt lat="46.76571" lon="7.89448">
        <ele>1656.76</ele>
        <time>2026-05-01T01:29:36.7530000+00:00</time>
      </trkpt>
      <trkpt lat="46.7657" lon="7.89438">
        <ele>1657.97</ele>
        <time>2026-05-01T01:29:45.9890000+00:00</time>
      </trkpt>
      <trkpt lat="46.76569" lon="7.89429">
        <ele>1659.02</ele>
        <time>2026-05-01T01:29:54.3220000+00:00</time>
      </trkpt>
      <trkpt lat="46.76568" lon="7.89417">
        <ele>1660.38</ele>
        <time>2026-05-01T01:30:05.3700000+00:00</time>
      </trkpt>
      <trkpt lat="46.76568" lon="7.89407">
        <ele>1661.63</ele>
        <time>2026-05-01T01:30:14.5090000+00:00</time>
      </trkpt>
      <trkpt lat="46.76568" lon="7.89391">
        <ele>1663.65</ele>
        <time>2026-05-01T01:30:29.1310000+00:00</time>
      </trkpt>
      <trkpt lat="46.76567" lon="7.89373">
        <ele>1665.68</ele>
        <time>2026-05-01T01:30:45.6350000+00:00</time>
      </trkpt>
      <trkpt lat="46.76567" lon="7.89364">
        <ele>1666.81</ele>
        <time>2026-05-01T01:30:53.8590000+00:00</time>
      </trkpt>
      <trkpt lat="46.76568" lon="7.89356">
        <ele>1668.06</ele>
        <time>2026-05-01T01:31:01.2900000+00:00</time>
      </trkpt>
      <trkpt lat="46.76569" lon="7.89348">
        <ele>1669.33</ele>
        <time>2026-05-01T01:31:08.7210000+00:00</time>
      </trkpt>
      <trkpt lat="46.76569" lon="7.89341">
        <ele>1670.13</ele>
        <time>2026-05-01T01:31:15.1190000+00:00</time>
      </trkpt>
      <trkpt lat="46.76569" lon="7.89336">
        <ele>1670.43</ele>
        <time>2026-05-01T01:31:19.6890000+00:00</time>
      </trkpt>
      <trkpt lat="46.76568" lon="7.8933">
        <ele>1670.53</ele>
        <time>2026-05-01T01:31:25.3320000+00:00</time>
      </trkpt>
      <trkpt lat="46.76566" lon="7.89327">
        <ele>1670.18</ele>
        <time>2026-05-01T01:31:29.1580000+00:00</time>
      </trkpt>
      <trkpt lat="46.76564" lon="7.89325">
        <ele>1669.77</ele>
        <time>2026-05-01T01:31:32.3940000+00:00</time>
      </trkpt>
      <trkpt lat="46.76562" lon="7.89325">
        <ele>1669.25</ele>
        <time>2026-05-01T01:31:35.0600000+00:00</time>
      </trkpt>
      <trkpt lat="46.76559" lon="7.89325">
        <ele>1668.45</ele>
        <time>2026-05-01T01:31:39.0620000+00:00</time>
      </trkpt>
      <trkpt lat="46.76557" lon="7.89326">
        <ele>1667.86</ele>
        <time>2026-05-01T01:31:41.8840000+00:00</time>
      </trkpt>
      <trkpt lat="46.76554" lon="7.8933">
        <ele>1666.83</ele>
        <time>2026-05-01T01:31:47.3050000+00:00</time>
      </trkpt>
      <trkpt lat="46.76551" lon="7.89335">
        <ele>1665.74</ele>
        <time>2026-05-01T01:31:53.3800000+00:00</time>
      </trkpt>
      <trkpt lat="46.76547" lon="7.8934">
        <ele>1664.38</ele>
        <time>2026-05-01T01:32:00.4070000+00:00</time>
      </trkpt>
      <trkpt lat="46.76545" lon="7.89342">
        <ele>1663.73</ele>
        <time>2026-05-01T01:32:03.6400000+00:00</time>
      </trkpt>
      <trkpt lat="46.76542" lon="7.89342">
        <ele>1662.94</ele>
        <time>2026-05-01T01:32:07.6420000+00:00</time>
      </trkpt>
      <trkpt lat="46.7654" lon="7.89343">
        <ele>1662.32</ele>
        <time>2026-05-01T01:32:10.4640000+00:00</time>
      </trkpt>
      <trkpt lat="46.76537" lon="7.89342">
        <ele>1661.62</ele>
        <time>2026-05-01T01:32:14.5720000+00:00</time>
      </trkpt>
      <trkpt lat="46.76532" lon="7.8934">
        <ele>1660.42</ele>
        <time>2026-05-01T01:32:21.4890000+00:00</time>
      </trkpt>
      <trkpt lat="46.76527" lon="7.89337">
        <ele>1659.28</ele>
        <time>2026-05-01T01:32:28.7020000+00:00</time>
      </trkpt>
      <trkpt lat="46.76522" lon="7.89333">
        <ele>1658.2</ele>
        <time>2026-05-01T01:32:36.3100000+00:00</time>
      </trkpt>
      <trkpt lat="46.76517" lon="7.89327">
        <ele>1657.29</ele>
        <time>2026-05-01T01:32:44.9460000+00:00</time>
      </trkpt>
      <trkpt lat="46.7651" lon="7.8932">
        <ele>1656.11</ele>
        <time>2026-05-01T01:32:56.2660000+00:00</time>
      </trkpt>
      <trkpt lat="46.76503" lon="7.89311">
        <ele>1655.24</ele>
        <time>2026-05-01T01:33:08.7110000+00:00</time>
      </trkpt>
      <trkpt lat="46.76495" lon="7.89301">
        <ele>1654.44</ele>
        <time>2026-05-01T01:33:22.7630000+00:00</time>
      </trkpt>
      <trkpt lat="46.76488" lon="7.89292">
        <ele>1653.96</ele>
        <time>2026-05-01T01:33:35.2080000+00:00</time>
      </trkpt>
      <trkpt lat="46.76485" lon="7.89287">
        <ele>1653.94</ele>
        <time>2026-05-01T01:33:41.2830000+00:00</time>
      </trkpt>
      <trkpt lat="46.76483" lon="7.89284">
        <ele>1653.9</ele>
        <time>2026-05-01T01:33:45.1080000+00:00</time>
      </trkpt>
      <trkpt lat="46.76482" lon="7.89279">
        <ele>1654.3</ele>
        <time>2026-05-01T01:33:49.8680000+00:00</time>
      </trkpt>
      <trkpt lat="46.76482" lon="7.89274">
        <ele>1654.87</ele>
        <time>2026-05-01T01:33:54.4390000+00:00</time>
      </trkpt>
      <trkpt lat="46.76481" lon="7.89266">
        <ele>1655.63</ele>
        <time>2026-05-01T01:34:01.8700000+00:00</time>
      </trkpt>
      <trkpt lat="46.76481" lon="7.89258">
        <ele>1656.56</ele>
        <time>2026-05-01T01:34:09.1800000+00:00</time>
      </trkpt>
      <trkpt lat="46.76482" lon="7.89246">
        <ele>1658.14</ele>
        <time>2026-05-01T01:34:20.2280000+00:00</time>
      </trkpt>
      <trkpt lat="46.76482" lon="7.89233">
        <ele>1659.7</ele>
        <time>2026-05-01T01:34:32.1090000+00:00</time>
      </trkpt>
      <trkpt lat="46.76482" lon="7.89211">
        <ele>1662.34</ele>
        <time>2026-05-01T01:34:52.2150000+00:00</time>
      </trkpt>
      <trkpt lat="46.76482" lon="7.89197">
        <ele>1664.03</ele>
        <time>2026-05-01T01:35:05.0100000+00:00</time>
      </trkpt>
      <trkpt lat="46.76481" lon="7.89187">
        <ele>1665.08</ele>
        <time>2026-05-01T01:35:14.2460000+00:00</time>
      </trkpt>
      <trkpt lat="46.76478" lon="7.89179">
        <ele>1665.61</ele>
        <time>2026-05-01T01:35:22.5810000+00:00</time>
      </trkpt>
      <trkpt lat="46.76474" lon="7.89167">
        <ele>1666.35</ele>
        <time>2026-05-01T01:35:34.7770000+00:00</time>
      </trkpt>
      <trkpt lat="46.76469" lon="7.89157">
        <ele>1666.64</ele>
        <time>2026-05-01T01:35:46.0910000+00:00</time>
      </trkpt>
      <trkpt lat="46.76465" lon="7.89148">
        <ele>1666.92</ele>
        <time>2026-05-01T01:35:55.8970000+00:00</time>
      </trkpt>
      <trkpt lat="46.76461" lon="7.89143">
        <ele>1666.77</ele>
        <time>2026-05-01T01:36:02.9220000+00:00</time>
      </trkpt>
      <trkpt lat="46.76457" lon="7.89141">
        <ele>1666.31</ele>
        <time>2026-05-01T01:36:08.5630000+00:00</time>
      </trkpt>
      <trkpt lat="46.76453" lon="7.89139">
        <ele>1665.84</ele>
        <time>2026-05-01T01:36:14.2040000+00:00</time>
      </trkpt>
      <trkpt lat="46.76448" lon="7.89139">
        <ele>1665.02</ele>
        <time>2026-05-01T01:36:20.8760000+00:00</time>
      </trkpt>
      <trkpt lat="46.76438" lon="7.89139">
        <ele>1663.36</ele>
        <time>2026-05-01T01:36:34.2170000+00:00</time>
      </trkpt>
      <trkpt lat="46.76428" lon="7.8914">
        <ele>1662.03</ele>
        <time>2026-05-01T01:36:47.5900000+00:00</time>
      </trkpt>
      <trkpt lat="46.76424" lon="7.8914">
        <ele>1661.56</ele>
        <time>2026-05-01T01:36:52.9270000+00:00</time>
      </trkpt>
      <trkpt lat="46.7642" lon="7.89139">
        <ele>1661.21</ele>
        <time>2026-05-01T01:36:58.3410000+00:00</time>
      </trkpt>
      <trkpt lat="46.76417" lon="7.89137">
        <ele>1661.08</ele>
        <time>2026-05-01T01:37:02.7410000+00:00</time>
      </trkpt>
      <trkpt lat="46.76412" lon="7.89133">
        <ele>1661</ele>
        <time>2026-05-01T01:37:10.3480000+00:00</time>
      </trkpt>
      <trkpt lat="46.76404" lon="7.89126">
        <ele>1661.06</ele>
        <time>2026-05-01T01:37:22.7920000+00:00</time>
      </trkpt>
      <trkpt lat="46.76395" lon="7.8912">
        <ele>1661.05</ele>
        <time>2026-05-01T01:37:35.9920000+00:00</time>
      </trkpt>
      <trkpt lat="46.76387" lon="7.89113">
        <ele>1661.44</ele>
        <time>2026-05-01T01:37:48.4360000+00:00</time>
      </trkpt>
      <trkpt lat="46.76378" lon="7.89107">
        <ele>1661.75</ele>
        <time>2026-05-01T01:38:01.6370000+00:00</time>
      </trkpt>
      <trkpt lat="46.76368" lon="7.89099">
        <ele>1662.52</ele>
        <time>2026-05-01T01:38:16.8510000+00:00</time>
      </trkpt>
      <trkpt lat="46.76358" lon="7.89092">
        <ele>1663.29</ele>
        <time>2026-05-01T01:38:31.6460000+00:00</time>
      </trkpt>
      <trkpt lat="46.76351" lon="7.89086">
        <ele>1663.49</ele>
        <time>2026-05-01T01:38:42.4770000+00:00</time>
      </trkpt>
      <trkpt lat="46.76344" lon="7.89081">
        <ele>1662.96</ele>
        <time>2026-05-01T01:38:52.8740000+00:00</time>
      </trkpt>
      <trkpt lat="46.7634" lon="7.89077">
        <ele>1662.83</ele>
        <time>2026-05-01T01:38:59.3440000+00:00</time>
      </trkpt>
      <trkpt lat="46.76335" lon="7.89071">
        <ele>1662.86</ele>
        <time>2026-05-01T01:39:07.9800000+00:00</time>
      </trkpt>
      <trkpt lat="46.76331" lon="7.89065">
        <ele>1663.09</ele>
        <time>2026-05-01T01:39:15.6320000+00:00</time>
      </trkpt>
      <trkpt lat="46.76328" lon="7.89061">
        <ele>1663.21</ele>
        <time>2026-05-01T01:39:21.0530000+00:00</time>
      </trkpt>
      <trkpt lat="46.76326" lon="7.89056">
        <ele>1663.65</ele>
        <time>2026-05-01T01:39:26.3450000+00:00</time>
      </trkpt>
      <trkpt lat="46.76325" lon="7.89049">
        <ele>1664.56</ele>
        <time>2026-05-01T01:39:32.8790000+00:00</time>
      </trkpt>
      <trkpt lat="46.76322" lon="7.89037">
        <ele>1665.97</ele>
        <time>2026-05-01T01:39:44.5540000+00:00</time>
      </trkpt>
      <trkpt lat="46.76318" lon="7.89023">
        <ele>1667.61</ele>
        <time>2026-05-01T01:39:58.4170000+00:00</time>
      </trkpt>
      <trkpt lat="46.76314" lon="7.89004">
        <ele>1670.05</ele>
        <time>2026-05-01T01:40:16.5840000+00:00</time>
      </trkpt>
      <trkpt lat="46.7631" lon="7.88988">
        <ele>1671.89</ele>
        <time>2026-05-01T01:40:32.1500000+00:00</time>
      </trkpt>
      <trkpt lat="46.76306" lon="7.8897">
        <ele>1674.06</ele>
        <time>2026-05-01T01:40:49.4450000+00:00</time>
      </trkpt>
      <trkpt lat="46.76302" lon="7.8895">
        <ele>1676.56</ele>
        <time>2026-05-01T01:41:08.4880000+00:00</time>
      </trkpt>
      <trkpt lat="46.76296" lon="7.8893">
        <ele>1678.91</ele>
        <time>2026-05-01T01:41:28.4430000+00:00</time>
      </trkpt>
      <trkpt lat="46.76291" lon="7.88909">
        <ele>1681.12</ele>
        <time>2026-05-01T01:41:48.7620000+00:00</time>
      </trkpt>
      <trkpt lat="46.76288" lon="7.88897">
        <ele>1682.3</ele>
        <time>2026-05-01T01:42:00.4370000+00:00</time>
      </trkpt>
      <trkpt lat="46.76285" lon="7.88887">
        <ele>1683.22</ele>
        <time>2026-05-01T01:42:10.4140000+00:00</time>
      </trkpt>
      <trkpt lat="46.76281" lon="7.88871">
        <ele>1684.76</ele>
        <time>2026-05-01T01:42:25.9810000+00:00</time>
      </trkpt>
      <trkpt lat="46.76278" lon="7.8886">
        <ele>1685.78</ele>
        <time>2026-05-01T01:42:36.8010000+00:00</time>
      </trkpt>
      <trkpt lat="46.76275" lon="7.88844">
        <ele>1687.4</ele>
        <time>2026-05-01T01:42:51.9620000+00:00</time>
      </trkpt>
      <trkpt lat="46.76274" lon="7.88834">
        <ele>1688.41</ele>
        <time>2026-05-01T01:43:01.1990000+00:00</time>
      </trkpt>
      <trkpt lat="46.76273" lon="7.88824">
        <ele>1689.39</ele>
        <time>2026-05-01T01:43:10.4360000+00:00</time>
      </trkpt>
      <trkpt lat="46.76272" lon="7.88817">
        <ele>1690.04</ele>
        <time>2026-05-01T01:43:16.9710000+00:00</time>
      </trkpt>
      <trkpt lat="46.76269" lon="7.88808">
        <ele>1690.58</ele>
        <time>2026-05-01T01:43:26.1180000+00:00</time>
      </trkpt>
      <trkpt lat="46.76266" lon="7.88801">
        <ele>1690.71</ele>
        <time>2026-05-01T01:43:33.6660000+00:00</time>
      </trkpt>
      <trkpt lat="46.76262" lon="7.88792">
        <ele>1690.83</ele>
        <time>2026-05-01T01:43:43.4710000+00:00</time>
      </trkpt>
      <trkpt lat="46.76258" lon="7.88787">
        <ele>1690.51</ele>
        <time>2026-05-01T01:43:50.4970000+00:00</time>
      </trkpt>
      <trkpt lat="46.76254" lon="7.88782">
        <ele>1690.19</ele>
        <time>2026-05-01T01:43:57.5220000+00:00</time>
      </trkpt>
      <trkpt lat="46.76248" lon="7.88777">
        <ele>1689.44</ele>
        <time>2026-05-01T01:44:06.7400000+00:00</time>
      </trkpt>
      <trkpt lat="46.76242" lon="7.88772">
        <ele>1688.68</ele>
        <time>2026-05-01T01:44:15.9570000+00:00</time>
      </trkpt>
      <trkpt lat="46.76237" lon="7.88767">
        <ele>1688.13</ele>
        <time>2026-05-01T01:44:24.0420000+00:00</time>
      </trkpt>
      <trkpt lat="46.76233" lon="7.88762">
        <ele>1687.78</ele>
        <time>2026-05-01T01:44:31.0680000+00:00</time>
      </trkpt>
      <trkpt lat="46.76231" lon="7.88758">
        <ele>1687.78</ele>
        <time>2026-05-01T01:44:35.5930000+00:00</time>
      </trkpt>
      <trkpt lat="46.76229" lon="7.88751">
        <ele>1688.19</ele>
        <time>2026-05-01T01:44:42.5250000+00:00</time>
      </trkpt>
      <trkpt lat="46.76228" lon="7.88746">
        <ele>1688.57</ele>
        <time>2026-05-01T01:44:47.2860000+00:00</time>
      </trkpt>
      <trkpt lat="46.76227" lon="7.88737">
        <ele>1689.45</ele>
        <time>2026-05-01T01:44:55.6200000+00:00</time>
      </trkpt>
      <trkpt lat="46.76227" lon="7.88718">
        <ele>1691.73</ele>
        <time>2026-05-01T01:45:12.9850000+00:00</time>
      </trkpt>
      <trkpt lat="46.76228" lon="7.88686">
        <ele>1695.78</ele>
        <time>2026-05-01T01:45:42.2620000+00:00</time>
      </trkpt>
      <trkpt lat="46.76227" lon="7.88661">
        <ele>1698.24</ele>
        <time>2026-05-01T01:46:05.1500000+00:00</time>
      </trkpt>
      <trkpt lat="46.76227" lon="7.88625">
        <ele>1701.71</ele>
        <time>2026-05-01T01:46:38.0520000+00:00</time>
      </trkpt>
      <trkpt lat="46.76228" lon="7.88601">
        <ele>1704.19</ele>
        <time>2026-05-01T01:47:00.0270000+00:00</time>
      </trkpt>
      <trkpt lat="46.76228" lon="7.88587">
        <ele>1705.57</ele>
        <time>2026-05-01T01:47:12.8230000+00:00</time>
      </trkpt>
      <trkpt lat="46.76227" lon="7.88579">
        <ele>1706.22</ele>
        <time>2026-05-01T01:47:20.2560000+00:00</time>
      </trkpt>
      <trkpt lat="46.76226" lon="7.88573">
        <ele>1706.66</ele>
        <time>2026-05-01T01:47:25.8980000+00:00</time>
      </trkpt>
      <trkpt lat="46.76224" lon="7.88568">
        <ele>1706.82</ele>
        <time>2026-05-01T01:47:31.1900000+00:00</time>
      </trkpt>
      <trkpt lat="46.76217" lon="7.88555">
        <ele>1706.93</ele>
        <time>2026-05-01T01:47:46.3030000+00:00</time>
      </trkpt>
      <trkpt lat="46.7621" lon="7.88542">
        <ele>1707.01</ele>
        <time>2026-05-01T01:48:01.4150000+00:00</time>
      </trkpt>
      <trkpt lat="46.762" lon="7.88522">
        <ele>1707.21</ele>
        <time>2026-05-01T01:48:24.0450000+00:00</time>
      </trkpt>
      <trkpt lat="46.76195" lon="7.88515">
        <ele>1707</ele>
        <time>2026-05-01T01:48:33.2880000+00:00</time>
      </trkpt>
      <trkpt lat="46.76192" lon="7.88511">
        <ele>1706.85</ele>
        <time>2026-05-01T01:48:38.7080000+00:00</time>
      </trkpt>
      <trkpt lat="46.76189" lon="7.88509">
        <ele>1706.54</ele>
        <time>2026-05-01T01:48:43.1080000+00:00</time>
      </trkpt>
      <trkpt lat="46.76181" lon="7.88506">
        <ele>1705.19</ele>
        <time>2026-05-01T01:48:54.1280000+00:00</time>
      </trkpt>
      <trkpt lat="46.76166" lon="7.88504">
        <ele>1701.85</ele>
        <time>2026-05-01T01:49:14.2240000+00:00</time>
      </trkpt>
      <trkpt lat="46.76153" lon="7.88501">
        <ele>1699.26</ele>
        <time>2026-05-01T01:49:31.7840000+00:00</time>
      </trkpt>
      <trkpt lat="46.76145" lon="7.885">
        <ele>1697.54</ele>
        <time>2026-05-01T01:49:42.4960000+00:00</time>
      </trkpt>
      <trkpt lat="46.76136" lon="7.885">
        <ele>1695.38</ele>
        <time>2026-05-01T01:49:54.5040000+00:00</time>
      </trkpt>
      <trkpt lat="46.76126" lon="7.88498">
        <ele>1693.46</ele>
        <time>2026-05-01T01:50:07.9700000+00:00</time>
      </trkpt>
      <trkpt lat="46.76114" lon="7.88493">
        <ele>1691.86</ele>
        <time>2026-05-01T01:50:24.6200000+00:00</time>
      </trkpt>
      <trkpt lat="46.76104" lon="7.8849">
        <ele>1690.34</ele>
        <time>2026-05-01T01:50:38.2410000+00:00</time>
      </trkpt>
      <trkpt lat="46.76099" lon="7.88488">
        <ele>1690.13</ele>
        <time>2026-05-01T01:50:45.1580000+00:00</time>
      </trkpt>
      <trkpt lat="46.76091" lon="7.88483">
        <ele>1690.48</ele>
        <time>2026-05-01T01:50:56.7690000+00:00</time>
      </trkpt>
      <trkpt lat="46.76085" lon="7.88479">
        <ele>1690.9</ele>
        <time>2026-05-01T01:51:05.5700000+00:00</time>
      </trkpt>
      <trkpt lat="46.76079" lon="7.88476">
        <ele>1691.09</ele>
        <time>2026-05-01T01:51:14.0310000+00:00</time>
      </trkpt>
      <trkpt lat="46.76073" lon="7.88476">
        <ele>1690.4</ele>
        <time>2026-05-01T01:51:22.0360000+00:00</time>
      </trkpt>
      <trkpt lat="46.76068" lon="7.88476">
        <ele>1689.82</ele>
        <time>2026-05-01T01:51:28.7060000+00:00</time>
      </trkpt>
      <trkpt lat="46.76063" lon="7.88475">
        <ele>1689.58</ele>
        <time>2026-05-01T01:51:35.4390000+00:00</time>
      </trkpt>
      <trkpt lat="46.76054" lon="7.8847">
        <ele>1690.27</ele>
        <time>2026-05-01T01:51:48.2870000+00:00</time>
      </trkpt>
      <trkpt lat="46.7605" lon="7.88467">
        <ele>1690.89</ele>
        <time>2026-05-01T01:51:54.2880000+00:00</time>
      </trkpt>
      <trkpt lat="46.76048" lon="7.88465">
        <ele>1691.4</ele>
        <time>2026-05-01T01:51:57.5240000+00:00</time>
      </trkpt>
      <trkpt lat="46.76044" lon="7.88462">
        <ele>1692.08</ele>
        <time>2026-05-01T01:52:03.5250000+00:00</time>
      </trkpt>
      <trkpt lat="46.76037" lon="7.88453">
        <ele>1694.76</ele>
        <time>2026-05-01T01:52:15.9710000+00:00</time>
      </trkpt>
      <trkpt lat="46.76029" lon="7.88442">
        <ele>1698.33</ele>
        <time>2026-05-01T01:52:30.6340000+00:00</time>
      </trkpt>
      <trkpt lat="46.76025" lon="7.88435">
        <ele>1700.81</ele>
        <time>2026-05-01T01:52:38.9660000+00:00</time>
      </trkpt>
      <trkpt lat="46.76022" lon="7.88431">
        <ele>1702.23</ele>
        <time>2026-05-01T01:52:44.3870000+00:00</time>
      </trkpt>
      <trkpt lat="46.76018" lon="7.88428">
        <ele>1703.23</ele>
        <time>2026-05-01T01:52:50.3870000+00:00</time>
      </trkpt>
      <trkpt lat="46.7601" lon="7.88422">
        <ele>1704.06</ele>
        <time>2026-05-01T01:53:02.3870000+00:00</time>
      </trkpt>
      <trkpt lat="46.75995" lon="7.88412">
        <ele>1704.72</ele>
        <time>2026-05-01T01:53:24.3890000+00:00</time>
      </trkpt>
      <trkpt lat="46.75986" lon="7.88405">
        <ele>1705.34</ele>
        <time>2026-05-01T01:53:37.9940000+00:00</time>
      </trkpt>
      <trkpt lat="46.75976" lon="7.88401">
        <ele>1705.57</ele>
        <time>2026-05-01T01:53:51.8280000+00:00</time>
      </trkpt>
      <trkpt lat="46.75968" lon="7.88398">
        <ele>1705.75</ele>
        <time>2026-05-01T01:54:02.8480000+00:00</time>
      </trkpt>
      <trkpt lat="46.75957" lon="7.88396">
        <ele>1705.72</ele>
        <time>2026-05-01T01:54:17.6380000+00:00</time>
      </trkpt>
      <trkpt lat="46.75945" lon="7.88396">
        <ele>1705.35</ele>
        <time>2026-05-01T01:54:33.6480000+00:00</time>
      </trkpt>
      <trkpt lat="46.75931" lon="7.88396">
        <ele>1705.32</ele>
        <time>2026-05-01T01:54:52.3260000+00:00</time>
      </trkpt>
      <trkpt lat="46.75922" lon="7.88396">
        <ele>1705.67</ele>
        <time>2026-05-01T01:55:04.3340000+00:00</time>
      </trkpt>
      <trkpt lat="46.75911" lon="7.88396">
        <ele>1706.11</ele>
        <time>2026-05-01T01:55:19.0100000+00:00</time>
      </trkpt>
      <trkpt lat="46.75902" lon="7.88395">
        <ele>1706.62</ele>
        <time>2026-05-01T01:55:31.0530000+00:00</time>
      </trkpt>
      <trkpt lat="46.75896" lon="7.88394">
        <ele>1707.01</ele>
        <time>2026-05-01T01:55:39.1110000+00:00</time>
      </trkpt>
      <trkpt lat="46.75888" lon="7.88393">
        <ele>1707.47</ele>
        <time>2026-05-01T01:55:49.8230000+00:00</time>
      </trkpt>
      <trkpt lat="46.75882" lon="7.88391">
        <ele>1708.01</ele>
        <time>2026-05-01T01:55:58.0340000+00:00</time>
      </trkpt>
      <trkpt lat="46.75876" lon="7.88389">
        <ele>1708.54</ele>
        <time>2026-05-01T01:56:06.2450000+00:00</time>
      </trkpt>
      <trkpt lat="46.75867" lon="7.88386">
        <ele>1709.32</ele>
        <time>2026-05-01T01:56:18.5620000+00:00</time>
      </trkpt>
      <trkpt lat="46.75858" lon="7.88382">
        <ele>1710.23</ele>
        <time>2026-05-01T01:56:31.1140000+00:00</time>
      </trkpt>
      <trkpt lat="46.75849" lon="7.88378">
        <ele>1710.4</ele>
        <time>2026-05-01T01:56:43.6660000+00:00</time>
      </trkpt>
      <trkpt lat="46.75841" lon="7.88375">
        <ele>1709.9</ele>
        <time>2026-05-01T01:56:54.6860000+00:00</time>
      </trkpt>
      <trkpt lat="46.75835" lon="7.88372">
        <ele>1709.72</ele>
        <time>2026-05-01T01:57:03.1470000+00:00</time>
      </trkpt>
      <trkpt lat="46.75827" lon="7.88369">
        <ele>1709.38</ele>
        <time>2026-05-01T01:57:14.1670000+00:00</time>
      </trkpt>
      <trkpt lat="46.75819" lon="7.88365">
        <ele>1709.35</ele>
        <time>2026-05-01T01:57:25.4490000+00:00</time>
      </trkpt>
      <trkpt lat="46.75808" lon="7.8836">
        <ele>1709.38</ele>
        <time>2026-05-01T01:57:40.8210000+00:00</time>
      </trkpt>
      <trkpt lat="46.75798" lon="7.88357">
        <ele>1709.21</ele>
        <time>2026-05-01T01:57:54.4410000+00:00</time>
      </trkpt>
      <trkpt lat="46.75788" lon="7.88352">
        <ele>1709.68</ele>
        <time>2026-05-01T01:58:08.5440000+00:00</time>
      </trkpt>
      <trkpt lat="46.75779" lon="7.88348">
        <ele>1710.12</ele>
        <time>2026-05-01T01:58:21.0950000+00:00</time>
      </trkpt>
      <trkpt lat="46.75773" lon="7.88346">
        <ele>1710.3</ele>
        <time>2026-05-01T01:58:29.3070000+00:00</time>
      </trkpt>
      <trkpt lat="46.75765" lon="7.88343">
        <ele>1710.24</ele>
        <time>2026-05-01T01:58:40.3280000+00:00</time>
      </trkpt>
      <trkpt lat="46.75759" lon="7.8834">
        <ele>1708.92</ele>
        <time>2026-05-01T01:58:48.7900000+00:00</time>
      </trkpt>
      <trkpt lat="46.75754" lon="7.88338">
        <ele>1707.96</ele>
        <time>2026-05-01T01:58:55.7070000+00:00</time>
      </trkpt>
      <trkpt lat="46.75736" lon="7.8833">
        <ele>1704.82</ele>
        <time>2026-05-01T01:59:20.8110000+00:00</time>
      </trkpt>
      <trkpt lat="46.75723" lon="7.88326">
        <ele>1703.1</ele>
        <time>2026-05-01T01:59:38.5370000+00:00</time>
      </trkpt>
      <trkpt lat="46.7572" lon="7.8833">
        <ele>1703.02</ele>
        <time>2026-05-01T01:59:43.9580000+00:00</time>
      </trkpt>
      <trkpt lat="46.75718" lon="7.88334">
        <ele>1703.01</ele>
        <time>2026-05-01T01:59:48.4840000+00:00</time>
      </trkpt>
      <trkpt lat="46.75718" lon="7.8834">
        <ele>1703.32</ele>
        <time>2026-05-01T01:59:53.9700000+00:00</time>
      </trkpt>
      <trkpt lat="46.75718" lon="7.88342">
        <ele>1703.42</ele>
        <time>2026-05-01T01:59:55.7990000+00:00</time>
      </trkpt>
      <trkpt lat="46.75717" lon="7.88346">
        <ele>1702.58</ele>
        <time>2026-05-01T01:59:59.6920000+00:00</time>
      </trkpt>
      <trkpt lat="46.75713" lon="7.88351">
        <ele>1700.76</ele>
        <time>2026-05-01T02:00:06.7190000+00:00</time>
      </trkpt>
      <trkpt lat="46.75708" lon="7.88352">
        <ele>1699.83</ele>
        <time>2026-05-01T02:00:13.4520000+00:00</time>
      </trkpt>
      <trkpt lat="46.75703" lon="7.88353">
        <ele>1698.91</ele>
        <time>2026-05-01T02:00:20.1850000+00:00</time>
      </trkpt>
      <trkpt lat="46.75698" lon="7.88353">
        <ele>1698.23</ele>
        <time>2026-05-01T02:00:26.8560000+00:00</time>
      </trkpt>
      <trkpt lat="46.75691" lon="7.88352">
        <ele>1697.51</ele>
        <time>2026-05-01T02:00:36.2410000+00:00</time>
      </trkpt>
      <trkpt lat="46.75685" lon="7.8835">
        <ele>1697.23</ele>
        <time>2026-05-01T02:00:44.4520000+00:00</time>
      </trkpt>
      <trkpt lat="46.7568" lon="7.88351">
        <ele>1696.54</ele>
        <time>2026-05-01T02:00:51.1850000+00:00</time>
      </trkpt>
      <trkpt lat="46.75677" lon="7.88352">
        <ele>1696.04</ele>
        <time>2026-05-01T02:00:55.2890000+00:00</time>
      </trkpt>
      <trkpt lat="46.75674" lon="7.88354">
        <ele>1695.32</ele>
        <time>2026-05-01T02:00:59.6890000+00:00</time>
      </trkpt>
      <trkpt lat="46.7567" lon="7.88355">
        <ele>1694.73</ele>
        <time>2026-05-01T02:01:05.1040000+00:00</time>
      </trkpt>
      <trkpt lat="46.75665" lon="7.88355">
        <ele>1694.28</ele>
        <time>2026-05-01T02:01:11.7760000+00:00</time>
      </trkpt>
      <trkpt lat="46.7566" lon="7.88356">
        <ele>1693.61</ele>
        <time>2026-05-01T02:01:18.5090000+00:00</time>
      </trkpt>
      <trkpt lat="46.75654" lon="7.88356">
        <ele>1693.07</ele>
        <time>2026-05-01T02:01:26.5130000+00:00</time>
      </trkpt>
      <trkpt lat="46.75649" lon="7.88355">
        <ele>1692.82</ele>
        <time>2026-05-01T02:01:33.2460000+00:00</time>
      </trkpt>
      <trkpt lat="46.75648" lon="7.88354">
        <ele>1692.95</ele>
        <time>2026-05-01T02:01:34.8650000+00:00</time>
      </trkpt>
      <trkpt lat="46.75645" lon="7.88354">
        <ele>1692.67</ele>
        <time>2026-05-01T02:01:38.8670000+00:00</time>
      </trkpt>
      <trkpt lat="46.7564" lon="7.88354">
        <ele>1692.21</ele>
        <time>2026-05-01T02:01:45.5380000+00:00</time>
      </trkpt>
      <trkpt lat="46.75636" lon="7.88355">
        <ele>1691.64</ele>
        <time>2026-05-01T02:01:50.9520000+00:00</time>
      </trkpt>
      <trkpt lat="46.75631" lon="7.88355">
        <ele>1691.19</ele>
        <time>2026-05-01T02:01:57.6230000+00:00</time>
      </trkpt>
      <trkpt lat="46.75628" lon="7.88355">
        <ele>1690.92</ele>
        <time>2026-05-01T02:02:01.6260000+00:00</time>
      </trkpt>
      <trkpt lat="46.75625" lon="7.88355">
        <ele>1690.64</ele>
        <time>2026-05-01T02:02:05.6280000+00:00</time>
      </trkpt>
      <trkpt lat="46.75623" lon="7.88355">
        <ele>1690.46</ele>
        <time>2026-05-01T02:02:08.2940000+00:00</time>
      </trkpt>
      <trkpt lat="46.75621" lon="7.88356">
        <ele>1690.08</ele>
        <time>2026-05-01T02:02:11.1150000+00:00</time>
      </trkpt>
      <trkpt lat="46.75619" lon="7.88358">
        <ele>1689.5</ele>
        <time>2026-05-01T02:02:14.3480000+00:00</time>
      </trkpt>
      <trkpt lat="46.75616" lon="7.88358">
        <ele>1689.23</ele>
        <time>2026-05-01T02:02:18.3530000+00:00</time>
      </trkpt>
      <trkpt lat="46.75614" lon="7.88358">
        <ele>1689.05</ele>
        <time>2026-05-01T02:02:21.0220000+00:00</time>
      </trkpt>
      <trkpt lat="46.75611" lon="7.8836">
        <ele>1688.39</ele>
        <time>2026-05-01T02:02:25.4220000+00:00</time>
      </trkpt>
      <trkpt lat="46.75608" lon="7.88362">
        <ele>1687.74</ele>
        <time>2026-05-01T02:02:29.8220000+00:00</time>
      </trkpt>
      <trkpt lat="46.75604" lon="7.88365">
        <ele>1686.81</ele>
        <time>2026-05-01T02:02:35.8210000+00:00</time>
      </trkpt>
      <trkpt lat="46.75601" lon="7.88366">
        <ele>1686.71</ele>
        <time>2026-05-01T02:02:39.9250000+00:00</time>
      </trkpt>
      <trkpt lat="46.75598" lon="7.88368">
        <ele>1686.44</ele>
        <time>2026-05-01T02:02:44.3250000+00:00</time>
      </trkpt>
      <trkpt lat="46.75595" lon="7.8837">
        <ele>1686.17</ele>
        <time>2026-05-01T02:02:48.7250000+00:00</time>
      </trkpt>
      <trkpt lat="46.75592" lon="7.88373">
        <ele>1685.69</ele>
        <time>2026-05-01T02:02:53.5770000+00:00</time>
      </trkpt>
      <trkpt lat="46.75592" lon="7.88374">
        <ele>1685.49</ele>
        <time>2026-05-01T02:02:54.4880000+00:00</time>
      </trkpt>
      <trkpt lat="46.75591" lon="7.88376">
        <ele>1685.13</ele>
        <time>2026-05-01T02:02:56.7490000+00:00</time>
      </trkpt>
      <trkpt lat="46.75588" lon="7.88376">
        <ele>1685.24</ele>
        <time>2026-05-01T02:03:00.7520000+00:00</time>
      </trkpt>
      <trkpt lat="46.75585" lon="7.88377">
        <ele>1685.14</ele>
        <time>2026-05-01T02:03:04.8590000+00:00</time>
      </trkpt>
      <trkpt lat="46.75583" lon="7.88376">
        <ele>1685.42</ele>
        <time>2026-05-01T02:03:07.6790000+00:00</time>
      </trkpt>
      <trkpt lat="46.75581" lon="7.88376">
        <ele>1685.49</ele>
        <time>2026-05-01T02:03:10.3480000+00:00</time>
      </trkpt>
      <trkpt lat="46.7558" lon="7.88375">
        <ele>1685.74</ele>
        <time>2026-05-01T02:03:11.9670000+00:00</time>
      </trkpt>
      <trkpt lat="46.75575" lon="7.88373">
        <ele>1686.35</ele>
        <time>2026-05-01T02:03:18.8850000+00:00</time>
      </trkpt>
      <trkpt lat="46.75572" lon="7.88372">
        <ele>1686.68</ele>
        <time>2026-05-01T02:03:22.9920000+00:00</time>
      </trkpt>
      <trkpt lat="46.7557" lon="7.88371">
        <ele>1686.97</ele>
        <time>2026-05-01T02:03:25.8100000+00:00</time>
      </trkpt>
      <trkpt lat="46.75568" lon="7.8837">
        <ele>1687.27</ele>
        <time>2026-05-01T02:03:28.6320000+00:00</time>
      </trkpt>
      <trkpt lat="46.75566" lon="7.88371">
        <ele>1687.13</ele>
        <time>2026-05-01T02:03:31.4550000+00:00</time>
      </trkpt>
      <trkpt lat="46.75565" lon="7.88373">
        <ele>1686.73</ele>
        <time>2026-05-01T02:03:33.7190000+00:00</time>
      </trkpt>
      <trkpt lat="46.75564" lon="7.88373">
        <ele>1686.77</ele>
        <time>2026-05-01T02:03:35.0470000+00:00</time>
      </trkpt>
      <trkpt lat="46.75563" lon="7.88377">
        <ele>1685.92</ele>
        <time>2026-05-01T02:03:38.9400000+00:00</time>
      </trkpt>
      <trkpt lat="46.75561" lon="7.88379">
        <ele>1685.55</ele>
        <time>2026-05-01T02:03:42.1740000+00:00</time>
      </trkpt>
      <trkpt lat="46.75558" lon="7.88381">
        <ele>1685.2</ele>
        <time>2026-05-01T02:03:46.5740000+00:00</time>
      </trkpt>
      <trkpt lat="46.75557" lon="7.88381">
        <ele>1685.23</ele>
        <time>2026-05-01T02:03:47.9120000+00:00</time>
      </trkpt>
      <trkpt lat="46.75556" lon="7.88381">
        <ele>1685.26</ele>
        <time>2026-05-01T02:03:49.2500000+00:00</time>
      </trkpt>
      <trkpt lat="46.75554" lon="7.88382">
        <ele>1685.1</ele>
        <time>2026-05-01T02:03:52.0700000+00:00</time>
      </trkpt>
      <trkpt lat="46.75552" lon="7.88384">
        <ele>1684.71</ele>
        <time>2026-05-01T02:03:55.3040000+00:00</time>
      </trkpt>
      <trkpt lat="46.75548" lon="7.88387">
        <ele>1684.13</ele>
        <time>2026-05-01T02:04:01.3040000+00:00</time>
      </trkpt>
      <trkpt lat="46.75546" lon="7.88388">
        <ele>1683.96</ele>
        <time>2026-05-01T02:04:04.1240000+00:00</time>
      </trkpt>
      <trkpt lat="46.75542" lon="7.88391">
        <ele>1683.36</ele>
        <time>2026-05-01T02:04:10.1240000+00:00</time>
      </trkpt>
      <trkpt lat="46.7554" lon="7.88392">
        <ele>1683.17</ele>
        <time>2026-05-01T02:04:12.9460000+00:00</time>
      </trkpt>
      <trkpt lat="46.75537" lon="7.88394">
        <ele>1682.76</ele>
        <time>2026-05-01T02:04:17.3460000+00:00</time>
      </trkpt>
      <trkpt lat="46.75534" lon="7.88395">
        <ele>1682.59</ele>
        <time>2026-05-01T02:04:21.4510000+00:00</time>
      </trkpt>
      <trkpt lat="46.7553" lon="7.88398">
        <ele>1681.94</ele>
        <time>2026-05-01T02:04:27.4520000+00:00</time>
      </trkpt>
      <trkpt lat="46.75528" lon="7.88398">
        <ele>1681.99</ele>
        <time>2026-05-01T02:04:30.1190000+00:00</time>
      </trkpt>
      <trkpt lat="46.75524" lon="7.88398">
        <ele>1682.07</ele>
        <time>2026-05-01T02:04:35.4540000+00:00</time>
      </trkpt>
      <trkpt lat="46.75522" lon="7.88397">
        <ele>1682.36</ele>
        <time>2026-05-01T02:04:38.2740000+00:00</time>
      </trkpt>
      <trkpt lat="46.75519" lon="7.88396">
        <ele>1682.82</ele>
        <time>2026-05-01T02:04:42.3800000+00:00</time>
      </trkpt>
      <trkpt lat="46.75516" lon="7.88395">
        <ele>1683.46</ele>
        <time>2026-05-01T02:04:46.4850000+00:00</time>
      </trkpt>
      <trkpt lat="46.75514" lon="7.88396">
        <ele>1683.46</ele>
        <time>2026-05-01T02:04:49.3030000+00:00</time>
      </trkpt>
      <trkpt lat="46.75511" lon="7.884">
        <ele>1682.79</ele>
        <time>2026-05-01T02:04:54.7230000+00:00</time>
      </trkpt>
      <trkpt lat="46.75508" lon="7.884">
        <ele>1683.16</ele>
        <time>2026-05-01T02:04:58.7250000+00:00</time>
      </trkpt>
      <trkpt lat="46.75504" lon="7.88402">
        <ele>1683.11</ele>
        <time>2026-05-01T02:05:04.3670000+00:00</time>
      </trkpt>
      <trkpt lat="46.75502" lon="7.88403">
        <ele>1683.08</ele>
        <time>2026-05-01T02:05:07.1900000+00:00</time>
      </trkpt>
      <trkpt lat="46.755" lon="7.88405">
        <ele>1682.77</ele>
        <time>2026-05-01T02:05:10.4240000+00:00</time>
      </trkpt>
      <trkpt lat="46.755" lon="7.88406">
        <ele>1682.5</ele>
        <time>2026-05-01T02:05:11.3350000+00:00</time>
      </trkpt>
      <trkpt lat="46.75498" lon="7.88405">
        <ele>1683.01</ele>
        <time>2026-05-01T02:05:14.1530000+00:00</time>
      </trkpt>
      <trkpt lat="46.75496" lon="7.88406">
        <ele>1682.97</ele>
        <time>2026-05-01T02:05:16.9710000+00:00</time>
      </trkpt>
      <trkpt lat="46.75492" lon="7.88407">
        <ele>1683.15</ele>
        <time>2026-05-01T02:05:22.3860000+00:00</time>
      </trkpt>
      <trkpt lat="46.75488" lon="7.88406">
        <ele>1683.9</ele>
        <time>2026-05-01T02:05:27.8000000+00:00</time>
      </trkpt>
      <trkpt lat="46.75485" lon="7.88406">
        <ele>1684.25</ele>
        <time>2026-05-01T02:05:31.8020000+00:00</time>
      </trkpt>
      <trkpt lat="46.75482" lon="7.88409">
        <ele>1683.73</ele>
        <time>2026-05-01T02:05:36.6530000+00:00</time>
      </trkpt>
      <trkpt lat="46.75478" lon="7.88411">
        <ele>1683.59</ele>
        <time>2026-05-01T02:05:42.2940000+00:00</time>
      </trkpt>
      <trkpt lat="46.75476" lon="7.88411">
        <ele>1683.81</ele>
        <time>2026-05-01T02:05:44.9600000+00:00</time>
      </trkpt>
      <trkpt lat="46.75473" lon="7.88413">
        <ele>1683.55</ele>
        <time>2026-05-01T02:05:49.3600000+00:00</time>
      </trkpt>
      <trkpt lat="46.75471" lon="7.88417">
        <ele>1682.56</ele>
        <time>2026-05-01T02:05:53.8870000+00:00</time>
      </trkpt>
      <trkpt lat="46.75468" lon="7.88419">
        <ele>1682.27</ele>
        <time>2026-05-01T02:05:58.2870000+00:00</time>
      </trkpt>
      <trkpt lat="46.75466" lon="7.8842">
        <ele>1682.17</ele>
        <time>2026-05-01T02:06:01.1070000+00:00</time>
      </trkpt>
      <trkpt lat="46.75464" lon="7.88422">
        <ele>1681.75</ele>
        <time>2026-05-01T02:06:04.3410000+00:00</time>
      </trkpt>
      <trkpt lat="46.75462" lon="7.88422">
        <ele>1681.95</ele>
        <time>2026-05-01T02:06:07.0120000+00:00</time>
      </trkpt>
      <trkpt lat="46.75459" lon="7.88423">
        <ele>1681.94</ele>
        <time>2026-05-01T02:06:11.1180000+00:00</time>
      </trkpt>
      <trkpt lat="46.75458" lon="7.88425">
        <ele>1681.41</ele>
        <time>2026-05-01T02:06:13.3790000+00:00</time>
      </trkpt>
      <trkpt lat="46.75456" lon="7.88425">
        <ele>1681.6</ele>
        <time>2026-05-01T02:06:16.0450000+00:00</time>
      </trkpt>
      <trkpt lat="46.75454" lon="7.88424">
        <ele>1682.12</ele>
        <time>2026-05-01T02:06:18.8630000+00:00</time>
      </trkpt>
      <trkpt lat="46.75451" lon="7.88424">
        <ele>1682.41</ele>
        <time>2026-05-01T02:06:22.8650000+00:00</time>
      </trkpt>
      <trkpt lat="46.75449" lon="7.88425">
        <ele>1682.29</ele>
        <time>2026-05-01T02:06:25.6820000+00:00</time>
      </trkpt>
      <trkpt lat="46.75445" lon="7.88424">
        <ele>1683</ele>
        <time>2026-05-01T02:06:31.0960000+00:00</time>
      </trkpt>
      <trkpt lat="46.75444" lon="7.88423">
        <ele>1683.43</ele>
        <time>2026-05-01T02:06:32.7110000+00:00</time>
      </trkpt>
      <trkpt lat="46.75442" lon="7.88421">
        <ele>1684.29</ele>
        <time>2026-05-01T02:06:35.9450000+00:00</time>
      </trkpt>
      <trkpt lat="46.75439" lon="7.88421">
        <ele>1684.6</ele>
        <time>2026-05-01T02:06:39.9480000+00:00</time>
      </trkpt>
      <trkpt lat="46.75434" lon="7.8842">
        <ele>1685.97</ele>
        <time>2026-05-01T02:06:46.6830000+00:00</time>
      </trkpt>
      <trkpt lat="46.75432" lon="7.88423">
        <ele>1685.52</ele>
        <time>2026-05-01T02:06:50.5100000+00:00</time>
      </trkpt>
      <trkpt lat="46.75428" lon="7.88424">
        <ele>1686.28</ele>
        <time>2026-05-01T02:06:55.9250000+00:00</time>
      </trkpt>
      <trkpt lat="46.75425" lon="7.88426">
        <ele>1686.45</ele>
        <time>2026-05-01T02:07:00.3250000+00:00</time>
      </trkpt>
      <trkpt lat="46.75423" lon="7.88426">
        <ele>1687</ele>
        <time>2026-05-01T02:07:02.9940000+00:00</time>
      </trkpt>
      <trkpt lat="46.75421" lon="7.88427">
        <ele>1687.31</ele>
        <time>2026-05-01T02:07:05.8140000+00:00</time>
      </trkpt>
      <trkpt lat="46.75419" lon="7.88427">
        <ele>1687.87</ele>
        <time>2026-05-01T02:07:08.4810000+00:00</time>
      </trkpt>
      <trkpt lat="46.75417" lon="7.88428">
        <ele>1688.21</ele>
        <time>2026-05-01T02:07:11.3010000+00:00</time>
      </trkpt>
      <trkpt lat="46.75415" lon="7.88426">
        <ele>1689.21</ele>
        <time>2026-05-01T02:07:14.5350000+00:00</time>
      </trkpt>
      <trkpt lat="46.75412" lon="7.88426">
        <ele>1690.04</ele>
        <time>2026-05-01T02:07:18.5360000+00:00</time>
      </trkpt>
      <trkpt lat="46.7541" lon="7.88427">
        <ele>1690.35</ele>
        <time>2026-05-01T02:07:21.3540000+00:00</time>
      </trkpt>
      <trkpt lat="46.75408" lon="7.8843">
        <ele>1690.28</ele>
        <time>2026-05-01T02:07:25.1800000+00:00</time>
      </trkpt>
      <trkpt lat="46.75405" lon="7.88431">
        <ele>1690.9</ele>
        <time>2026-05-01T02:07:29.2870000+00:00</time>
      </trkpt>
      <trkpt lat="46.75401" lon="7.88434">
        <ele>1691.37</ele>
        <time>2026-05-01T02:07:35.2880000+00:00</time>
      </trkpt>
      <trkpt lat="46.75399" lon="7.88435">
        <ele>1691.71</ele>
        <time>2026-05-01T02:07:38.1080000+00:00</time>
      </trkpt>
      <trkpt lat="46.75396" lon="7.88438">
        <ele>1691.91</ele>
        <time>2026-05-01T02:07:42.9590000+00:00</time>
      </trkpt>
      <trkpt lat="46.75394" lon="7.88441">
        <ele>1691.83</ele>
        <time>2026-05-01T02:07:46.7850000+00:00</time>
      </trkpt>
      <trkpt lat="46.75391" lon="7.88445">
        <ele>1691.8</ele>
        <time>2026-05-01T02:07:52.2050000+00:00</time>
      </trkpt>
      <trkpt lat="46.7539" lon="7.88446">
        <ele>1691.87</ele>
        <time>2026-05-01T02:07:53.8240000+00:00</time>
      </trkpt>
      <trkpt lat="46.75387" lon="7.88448">
        <ele>1692.26</ele>
        <time>2026-05-01T02:07:58.2240000+00:00</time>
      </trkpt>
      <trkpt lat="46.75385" lon="7.88451">
        <ele>1692.18</ele>
        <time>2026-05-01T02:08:02.0500000+00:00</time>
      </trkpt>
      <trkpt lat="46.75383" lon="7.88452">
        <ele>1692.51</ele>
        <time>2026-05-01T02:08:04.8720000+00:00</time>
      </trkpt>
      <trkpt lat="46.75382" lon="7.88453">
        <ele>1692.57</ele>
        <time>2026-05-01T02:08:06.4910000+00:00</time>
      </trkpt>
      <trkpt lat="46.7538" lon="7.88454">
        <ele>1692.9</ele>
        <time>2026-05-01T02:08:09.3090000+00:00</time>
      </trkpt>
      <trkpt lat="46.75376" lon="7.88454">
        <ele>1693.99</ele>
        <time>2026-05-01T02:08:14.6460000+00:00</time>
      </trkpt>
      <trkpt lat="46.75374" lon="7.88454">
        <ele>1694.53</ele>
        <time>2026-05-01T02:08:17.3150000+00:00</time>
      </trkpt>
      <trkpt lat="46.75372" lon="7.88455">
        <ele>1694.87</ele>
        <time>2026-05-01T02:08:20.1370000+00:00</time>
      </trkpt>
      <trkpt lat="46.75369" lon="7.88459">
        <ele>1694.83</ele>
        <time>2026-05-01T02:08:25.5600000+00:00</time>
      </trkpt>
      <trkpt lat="46.75366" lon="7.88464">
        <ele>1694.57</ele>
        <time>2026-05-01T02:08:31.6350000+00:00</time>
      </trkpt>
      <trkpt lat="46.75364" lon="7.88466">
        <ele>1694.68</ele>
        <time>2026-05-01T02:08:34.8700000+00:00</time>
      </trkpt>
      <trkpt lat="46.75362" lon="7.88468">
        <ele>1694.79</ele>
        <time>2026-05-01T02:08:38.1060000+00:00</time>
      </trkpt>
      <trkpt lat="46.7536" lon="7.88469">
        <ele>1695.12</ele>
        <time>2026-05-01T02:08:40.9270000+00:00</time>
      </trkpt>
      <trkpt lat="46.7536" lon="7.88471">
        <ele>1694.69</ele>
        <time>2026-05-01T02:08:42.7560000+00:00</time>
      </trkpt>
      <trkpt lat="46.75359" lon="7.88473">
        <ele>1694.52</ele>
        <time>2026-05-01T02:08:45.0170000+00:00</time>
      </trkpt>
      <trkpt lat="46.75358" lon="7.88476">
        <ele>1694.15</ele>
        <time>2026-05-01T02:08:48.0670000+00:00</time>
      </trkpt>
      <trkpt lat="46.75357" lon="7.88479">
        <ele>1693.77</ele>
        <time>2026-05-01T02:08:51.1180000+00:00</time>
      </trkpt>
      <trkpt lat="46.75354" lon="7.88483">
        <ele>1693.71</ele>
        <time>2026-05-01T02:08:56.5390000+00:00</time>
      </trkpt>
      <trkpt lat="46.75351" lon="7.88487">
        <ele>1693.97</ele>
        <time>2026-05-01T02:09:01.9590000+00:00</time>
      </trkpt>
      <trkpt lat="46.75348" lon="7.88493">
        <ele>1693.83</ele>
        <time>2026-05-01T02:09:08.7480000+00:00</time>
      </trkpt>
      <trkpt lat="46.75347" lon="7.88494">
        <ele>1693.99</ele>
        <time>2026-05-01T02:09:10.3670000+00:00</time>
      </trkpt>
      <trkpt lat="46.75347" lon="7.88498">
        <ele>1693.13</ele>
        <time>2026-05-01T02:09:14.0250000+00:00</time>
      </trkpt>
      <trkpt lat="46.75347" lon="7.885">
        <ele>1692.7</ele>
        <time>2026-05-01T02:09:15.8550000+00:00</time>
      </trkpt>
      <trkpt lat="46.75345" lon="7.88502">
        <ele>1693.04</ele>
        <time>2026-05-01T02:09:19.0880000+00:00</time>
      </trkpt>
      <trkpt lat="46.75343" lon="7.88507">
        <ele>1692.73</ele>
        <time>2026-05-01T02:09:24.3810000+00:00</time>
      </trkpt>
      <trkpt lat="46.75342" lon="7.8851">
        <ele>1692.48</ele>
        <time>2026-05-01T02:09:27.4290000+00:00</time>
      </trkpt>
      <trkpt lat="46.7534" lon="7.88513">
        <ele>1692.63</ele>
        <time>2026-05-01T02:09:31.2570000+00:00</time>
      </trkpt>
      <trkpt lat="46.75338" lon="7.88517">
        <ele>1692.57</ele>
        <time>2026-05-01T02:09:35.7850000+00:00</time>
      </trkpt>
      <trkpt lat="46.75336" lon="7.88518">
        <ele>1693.13</ele>
        <time>2026-05-01T02:09:38.6050000+00:00</time>
      </trkpt>
      <trkpt lat="46.75334" lon="7.88523">
        <ele>1692.86</ele>
        <time>2026-05-01T02:09:43.8960000+00:00</time>
      </trkpt>
      <trkpt lat="46.75333" lon="7.88529">
        <ele>1692</ele>
        <time>2026-05-01T02:09:49.5410000+00:00</time>
      </trkpt>
      <trkpt lat="46.75333" lon="7.88533">
        <ele>1691.17</ele>
        <time>2026-05-01T02:09:53.1990000+00:00</time>
      </trkpt>
      <trkpt lat="46.75331" lon="7.88539">
        <ele>1690.69</ele>
        <time>2026-05-01T02:09:59.2980000+00:00</time>
      </trkpt>
      <trkpt lat="46.7533" lon="7.88545">
        <ele>1689.82</ele>
        <time>2026-05-01T02:10:04.9430000+00:00</time>
      </trkpt>
      <trkpt lat="46.75329" lon="7.8855">
        <ele>1689.16</ele>
        <time>2026-05-01T02:10:09.7060000+00:00</time>
      </trkpt>
      <trkpt lat="46.75328" lon="7.88552">
        <ele>1689.12</ele>
        <time>2026-05-01T02:10:11.9670000+00:00</time>
      </trkpt>
      <trkpt lat="46.75326" lon="7.88557">
        <ele>1688.84</ele>
        <time>2026-05-01T02:10:17.2610000+00:00</time>
      </trkpt>
      <trkpt lat="46.75325" lon="7.88561">
        <ele>1688.38</ele>
        <time>2026-05-01T02:10:21.1540000+00:00</time>
      </trkpt>
      <trkpt lat="46.75324" lon="7.88564">
        <ele>1688.13</ele>
        <time>2026-05-01T02:10:24.2060000+00:00</time>
      </trkpt>
      <trkpt lat="46.75322" lon="7.88569">
        <ele>1687.84</ele>
        <time>2026-05-01T02:10:29.4990000+00:00</time>
      </trkpt>
      <trkpt lat="46.7532" lon="7.88575">
        <ele>1687.34</ele>
        <time>2026-05-01T02:10:35.5970000+00:00</time>
      </trkpt>
      <trkpt lat="46.75319" lon="7.8858">
        <ele>1686.67</ele>
        <time>2026-05-01T02:10:40.3570000+00:00</time>
      </trkpt>
      <trkpt lat="46.75318" lon="7.88586">
        <ele>1685.79</ele>
        <time>2026-05-01T02:10:45.9990000+00:00</time>
      </trkpt>
      <trkpt lat="46.75317" lon="7.88589">
        <ele>1685.53</ele>
        <time>2026-05-01T02:10:49.0500000+00:00</time>
      </trkpt>
      <trkpt lat="46.75316" lon="7.88591">
        <ele>1685.49</ele>
        <time>2026-05-01T02:10:51.3140000+00:00</time>
      </trkpt>
      <trkpt lat="46.75314" lon="7.88595">
        <ele>1685.33</ele>
        <time>2026-05-01T02:10:55.8380000+00:00</time>
      </trkpt>
      <trkpt lat="46.75311" lon="7.88599">
        <ele>1685.47</ele>
        <time>2026-05-01T02:11:01.2600000+00:00</time>
      </trkpt>
      <trkpt lat="46.75308" lon="7.886">
        <ele>1686.31</ele>
        <time>2026-05-01T02:11:05.3650000+00:00</time>
      </trkpt>
      <trkpt lat="46.75306" lon="7.88601">
        <ele>1686.79</ele>
        <time>2026-05-01T02:11:08.1830000+00:00</time>
      </trkpt>
      <trkpt lat="46.75304" lon="7.886">
        <ele>1687.76</ele>
        <time>2026-05-01T02:11:11.0060000+00:00</time>
      </trkpt>
      <trkpt lat="46.75304" lon="7.88598">
        <ele>1688.27</ele>
        <time>2026-05-01T02:11:12.8350000+00:00</time>
      </trkpt>
      <trkpt lat="46.75301" lon="7.88597">
        <ele>1689.62</ele>
        <time>2026-05-01T02:11:16.9420000+00:00</time>
      </trkpt>
      <trkpt lat="46.75299" lon="7.88596">
        <ele>1690.61</ele>
        <time>2026-05-01T02:11:19.7650000+00:00</time>
      </trkpt>
      <trkpt lat="46.75296" lon="7.88593">
        <ele>1692.5</ele>
        <time>2026-05-01T02:11:24.6160000+00:00</time>
      </trkpt>
      <trkpt lat="46.75294" lon="7.88592">
        <ele>1693.47</ele>
        <time>2026-05-01T02:11:27.4390000+00:00</time>
      </trkpt>
      <trkpt lat="46.75293" lon="7.88589">
        <ele>1694.48</ele>
        <time>2026-05-01T02:11:30.4890000+00:00</time>
      </trkpt>
      <trkpt lat="46.75291" lon="7.88584">
        <ele>1696.29</ele>
        <time>2026-05-01T02:11:35.7810000+00:00</time>
      </trkpt>
      <trkpt lat="46.75287" lon="7.88579">
        <ele>1698.86</ele>
        <time>2026-05-01T02:11:42.8070000+00:00</time>
      </trkpt>
      <trkpt lat="46.75285" lon="7.88576">
        <ele>1700.25</ele>
        <time>2026-05-01T02:11:46.6330000+00:00</time>
      </trkpt>
      <trkpt lat="46.75281" lon="7.88574">
        <ele>1702.18</ele>
        <time>2026-05-01T02:11:52.2740000+00:00</time>
      </trkpt>
      <trkpt lat="46.75279" lon="7.88573">
        <ele>1703.14</ele>
        <time>2026-05-01T02:11:55.0950000+00:00</time>
      </trkpt>
      <trkpt lat="46.75277" lon="7.88572">
        <ele>1704.11</ele>
        <time>2026-05-01T02:11:57.9130000+00:00</time>
      </trkpt>
      <trkpt lat="46.75274" lon="7.88572">
        <ele>1705.23</ele>
        <time>2026-05-01T02:12:01.9140000+00:00</time>
      </trkpt>
      <trkpt lat="46.75271" lon="7.88572">
        <ele>1706.36</ele>
        <time>2026-05-01T02:12:05.9160000+00:00</time>
      </trkpt>
      <trkpt lat="46.7527" lon="7.88571">
        <ele>1706.75</ele>
        <time>2026-05-01T02:12:07.5310000+00:00</time>
      </trkpt>
      <trkpt lat="46.75267" lon="7.8857">
        <ele>1707.13</ele>
        <time>2026-05-01T02:12:11.6360000+00:00</time>
      </trkpt>
      <trkpt lat="46.75263" lon="7.88571">
        <ele>1707.12</ele>
        <time>2026-05-01T02:12:17.0510000+00:00</time>
      </trkpt>
      <trkpt lat="46.7526" lon="7.8857">
        <ele>1707.51</ele>
        <time>2026-05-01T02:12:21.1580000+00:00</time>
      </trkpt>
      <trkpt lat="46.75259" lon="7.88571">
        <ele>1707.33</ele>
        <time>2026-05-01T02:12:22.7770000+00:00</time>
      </trkpt>
      <trkpt lat="46.75256" lon="7.88575">
        <ele>1706.55</ele>
        <time>2026-05-01T02:12:28.1980000+00:00</time>
      </trkpt>
      <trkpt lat="46.75254" lon="7.8858">
        <ele>1705.45</ele>
        <time>2026-05-01T02:12:33.4910000+00:00</time>
      </trkpt>
      <trkpt lat="46.75251" lon="7.88584">
        <ele>1704.61</ele>
        <time>2026-05-01T02:12:38.9140000+00:00</time>
      </trkpt>
      <trkpt lat="46.75248" lon="7.88586">
        <ele>1704.22</ele>
        <time>2026-05-01T02:12:43.3150000+00:00</time>
      </trkpt>
      <trkpt lat="46.75245" lon="7.88588">
        <ele>1703.82</ele>
        <time>2026-05-01T02:12:47.7150000+00:00</time>
      </trkpt>
      <trkpt lat="46.75243" lon="7.8859">
        <ele>1703.38</ele>
        <time>2026-05-01T02:12:50.9490000+00:00</time>
      </trkpt>
      <trkpt lat="46.75241" lon="7.8859">
        <ele>1703.43</ele>
        <time>2026-05-01T02:12:53.6150000+00:00</time>
      </trkpt>
      <trkpt lat="46.75238" lon="7.88589">
        <ele>1703.78</ele>
        <time>2026-05-01T02:12:57.7210000+00:00</time>
      </trkpt>
      <trkpt lat="46.75235" lon="7.88589">
        <ele>1703.86</ele>
        <time>2026-05-01T02:13:01.7240000+00:00</time>
      </trkpt>
      <trkpt lat="46.75232" lon="7.8859">
        <ele>1703.68</ele>
        <time>2026-05-01T02:13:05.8280000+00:00</time>
      </trkpt>
      <trkpt lat="46.75229" lon="7.8859">
        <ele>1703.77</ele>
        <time>2026-05-01T02:13:09.8290000+00:00</time>
      </trkpt>
      <trkpt lat="46.75227" lon="7.88591">
        <ele>1703.55</ele>
        <time>2026-05-01T02:13:12.6520000+00:00</time>
      </trkpt>
      <trkpt lat="46.75224" lon="7.88595">
        <ele>1702.59</ele>
        <time>2026-05-01T02:13:18.0740000+00:00</time>
      </trkpt>
      <trkpt lat="46.7522" lon="7.88598">
        <ele>1701.97</ele>
        <time>2026-05-01T02:13:24.0760000+00:00</time>
      </trkpt>
      <trkpt lat="46.75218" lon="7.886">
        <ele>1701.55</ele>
        <time>2026-05-01T02:13:27.3100000+00:00</time>
      </trkpt>
      <trkpt lat="46.75214" lon="7.88604">
        <ele>1700.74</ele>
        <time>2026-05-01T02:13:33.7780000+00:00</time>
      </trkpt>
      <trkpt lat="46.75212" lon="7.88608">
        <ele>1699.88</ele>
        <time>2026-05-01T02:13:38.3050000+00:00</time>
      </trkpt>
      <trkpt lat="46.7521" lon="7.8861">
        <ele>1699.5</ele>
        <time>2026-05-01T02:13:41.5390000+00:00</time>
      </trkpt>
      <trkpt lat="46.75206" lon="7.88614">
        <ele>1698.78</ele>
        <time>2026-05-01T02:13:48.0080000+00:00</time>
      </trkpt>
      <trkpt lat="46.752" lon="7.88617">
        <ele>1698.41</ele>
        <time>2026-05-01T02:13:56.4710000+00:00</time>
      </trkpt>
      <trkpt lat="46.75193" lon="7.88619">
        <ele>1698.35</ele>
        <time>2026-05-01T02:14:05.9870000+00:00</time>
      </trkpt>
      <trkpt lat="46.75189" lon="7.88621">
        <ele>1698.16</ele>
        <time>2026-05-01T02:14:11.6280000+00:00</time>
      </trkpt>
      <trkpt lat="46.75186" lon="7.88625">
        <ele>1697.73</ele>
        <time>2026-05-01T02:14:17.0490000+00:00</time>
      </trkpt>
      <trkpt lat="46.75183" lon="7.88632">
        <ele>1696.97</ele>
        <time>2026-05-01T02:14:24.5960000+00:00</time>
      </trkpt>
      <trkpt lat="46.75181" lon="7.88636">
        <ele>1696.6</ele>
        <time>2026-05-01T02:14:29.1210000+00:00</time>
      </trkpt>
      <trkpt lat="46.75177" lon="7.8864">
        <ele>1696.66</ele>
        <time>2026-05-01T02:14:35.5910000+00:00</time>
      </trkpt>
      <trkpt lat="46.75174" lon="7.88643">
        <ele>1696.71</ele>
        <time>2026-05-01T02:14:40.4430000+00:00</time>
      </trkpt>
      <trkpt lat="46.75173" lon="7.88645">
        <ele>1696.52</ele>
        <time>2026-05-01T02:14:42.7040000+00:00</time>
      </trkpt>
      <trkpt lat="46.75172" lon="7.88648">
        <ele>1696.12</ele>
        <time>2026-05-01T02:14:45.7520000+00:00</time>
      </trkpt>
      <trkpt lat="46.75171" lon="7.88656">
        <ele>1694.69</ele>
        <time>2026-05-01T02:14:53.1860000+00:00</time>
      </trkpt>
      <trkpt lat="46.7517" lon="7.88658">
        <ele>1694.49</ele>
        <time>2026-05-01T02:14:55.4470000+00:00</time>
      </trkpt>
      <trkpt lat="46.75168" lon="7.88661">
        <ele>1694.31</ele>
        <time>2026-05-01T02:14:59.2740000+00:00</time>
      </trkpt>
      <trkpt lat="46.75166" lon="7.88665">
        <ele>1693.92</ele>
        <time>2026-05-01T02:15:03.8020000+00:00</time>
      </trkpt>
      <trkpt lat="46.75164" lon="7.88667">
        <ele>1693.94</ele>
        <time>2026-05-01T02:15:07.0360000+00:00</time>
      </trkpt>
      <trkpt lat="46.7516" lon="7.8867">
        <ele>1694.18</ele>
        <time>2026-05-01T02:15:13.0360000+00:00</time>
      </trkpt>
      <trkpt lat="46.75156" lon="7.88671">
        <ele>1694.84</ele>
        <time>2026-05-01T02:15:18.4510000+00:00</time>
      </trkpt>
      <trkpt lat="46.75153" lon="7.8867">
        <ele>1695.7</ele>
        <time>2026-05-01T02:15:22.5580000+00:00</time>
      </trkpt>
      <trkpt lat="46.75146" lon="7.88668">
        <ele>1697.64</ele>
        <time>2026-05-01T02:15:32.0750000+00:00</time>
      </trkpt>
      <trkpt lat="46.75141" lon="7.88668">
        <ele>1698.73</ele>
        <time>2026-05-01T02:15:38.7450000+00:00</time>
      </trkpt>
      <trkpt lat="46.75138" lon="7.8867">
        <ele>1698.96</ele>
        <time>2026-05-01T02:15:43.1450000+00:00</time>
      </trkpt>
      <trkpt lat="46.75133" lon="7.88668">
        <ele>1700.47</ele>
        <time>2026-05-01T02:15:50.0630000+00:00</time>
      </trkpt>
      <trkpt lat="46.75128" lon="7.88667">
        <ele>1701.77</ele>
        <time>2026-05-01T02:15:56.7960000+00:00</time>
      </trkpt>
      <trkpt lat="46.75124" lon="7.88669">
        <ele>1702.21</ele>
        <time>2026-05-01T02:16:02.4380000+00:00</time>
      </trkpt>
      <trkpt lat="46.75119" lon="7.88673">
        <ele>1702.44</ele>
        <time>2026-05-01T02:16:10.0450000+00:00</time>
      </trkpt>
      <trkpt lat="46.75115" lon="7.88675">
        <ele>1702.88</ele>
        <time>2026-05-01T02:16:15.6860000+00:00</time>
      </trkpt>
      <trkpt lat="46.75112" lon="7.88676">
        <ele>1703.31</ele>
        <time>2026-05-01T02:16:19.7930000+00:00</time>
      </trkpt>
      <trkpt lat="46.75105" lon="7.88675">
        <ele>1705.04</ele>
        <time>2026-05-01T02:16:29.1760000+00:00</time>
      </trkpt>
      <trkpt lat="46.75101" lon="7.88676">
        <ele>1705.43</ele>
        <time>2026-05-01T02:16:34.5910000+00:00</time>
      </trkpt>
      <trkpt lat="46.75099" lon="7.88676">
        <ele>1705.69</ele>
        <time>2026-05-01T02:16:37.2600000+00:00</time>
      </trkpt>
      <trkpt lat="46.75094" lon="7.88679">
        <ele>1705.89</ele>
        <time>2026-05-01T02:16:44.4730000+00:00</time>
      </trkpt>
      <trkpt lat="46.75089" lon="7.88682">
        <ele>1706.11</ele>
        <time>2026-05-01T02:16:51.6860000+00:00</time>
      </trkpt>
      <trkpt lat="46.75084" lon="7.88687">
        <ele>1706.05</ele>
        <time>2026-05-01T02:16:59.7730000+00:00</time>
      </trkpt>
      <trkpt lat="46.75079" lon="7.8869">
        <ele>1706.29</ele>
        <time>2026-05-01T02:17:06.9860000+00:00</time>
      </trkpt>
      <trkpt lat="46.75075" lon="7.88695">
        <ele>1706.13</ele>
        <time>2026-05-01T02:17:14.0130000+00:00</time>
      </trkpt>
      <trkpt lat="46.75072" lon="7.88697">
        <ele>1706.27</ele>
        <time>2026-05-01T02:17:18.4130000+00:00</time>
      </trkpt>
      <trkpt lat="46.7507" lon="7.88698">
        <ele>1706.41</ele>
        <time>2026-05-01T02:17:21.2360000+00:00</time>
      </trkpt>
      <trkpt lat="46.75066" lon="7.88699">
        <ele>1706.83</ele>
        <time>2026-05-01T02:17:26.6510000+00:00</time>
      </trkpt>
      <trkpt lat="46.75061" lon="7.88697">
        <ele>1707.82</ele>
        <time>2026-05-01T02:17:33.5680000+00:00</time>
      </trkpt>
      <trkpt lat="46.75055" lon="7.88695">
        <ele>1708.93</ele>
        <time>2026-05-01T02:17:41.7780000+00:00</time>
      </trkpt>
      <trkpt lat="46.75051" lon="7.88692">
        <ele>1709.9</ele>
        <time>2026-05-01T02:17:47.7790000+00:00</time>
      </trkpt>
      <trkpt lat="46.75049" lon="7.8869">
        <ele>1710.44</ele>
        <time>2026-05-01T02:17:51.0130000+00:00</time>
      </trkpt>
      <trkpt lat="46.75048" lon="7.88688">
        <ele>1710.84</ele>
        <time>2026-05-01T02:17:53.2770000+00:00</time>
      </trkpt>
      <trkpt lat="46.75046" lon="7.88688">
        <ele>1711.11</ele>
        <time>2026-05-01T02:17:55.9430000+00:00</time>
      </trkpt>
      <trkpt lat="46.75047" lon="7.88693">
        <ele>1710.32</ele>
        <time>2026-05-01T02:18:00.7060000+00:00</time>
      </trkpt>
      <trkpt lat="46.75046" lon="7.88698">
        <ele>1709.8</ele>
        <time>2026-05-01T02:18:05.4680000+00:00</time>
      </trkpt>
      <trkpt lat="46.75045" lon="7.88705">
        <ele>1709.03</ele>
        <time>2026-05-01T02:18:12.0040000+00:00</time>
      </trkpt>
      <trkpt lat="46.75042" lon="7.88714">
        <ele>1708.3</ele>
        <time>2026-05-01T02:18:21.1530000+00:00</time>
      </trkpt>
      <trkpt lat="46.75041" lon="7.88718">
        <ele>1707.94</ele>
        <time>2026-05-01T02:18:25.0460000+00:00</time>
      </trkpt>
      <trkpt lat="46.75044" lon="7.88724">
        <ele>1706.7</ele>
        <time>2026-05-01T02:18:31.8370000+00:00</time>
      </trkpt>
      <trkpt lat="46.75047" lon="7.88729">
        <ele>1705.59</ele>
        <time>2026-05-01T02:18:37.9130000+00:00</time>
      </trkpt>
      <trkpt lat="46.75045" lon="7.88729">
        <ele>1705.9</ele>
        <time>2026-05-01T02:18:40.5800000+00:00</time>
      </trkpt>
      <trkpt lat="46.75044" lon="7.88731">
        <ele>1705.79</ele>
        <time>2026-05-01T02:18:42.8410000+00:00</time>
      </trkpt>
      <trkpt lat="46.75041" lon="7.88735">
        <ele>1705.75</ele>
        <time>2026-05-01T02:18:48.2630000+00:00</time>
      </trkpt>
      <trkpt lat="46.75038" lon="7.8874">
        <ele>1705.58</ele>
        <time>2026-05-01T02:18:54.3390000+00:00</time>
      </trkpt>
      <trkpt lat="46.75036" lon="7.88748">
        <ele>1704.89</ele>
        <time>2026-05-01T02:19:02.1230000+00:00</time>
      </trkpt>
      <trkpt lat="46.75033" lon="7.88763">
        <ele>1703.54</ele>
        <time>2026-05-01T02:19:16.4070000+00:00</time>
      </trkpt>
      <trkpt lat="46.75028" lon="7.88786">
        <ele>1701.83</ele>
        <time>2026-05-01T02:19:38.4660000+00:00</time>
      </trkpt>
      <trkpt lat="46.75024" lon="7.88803">
        <ele>1700.69</ele>
        <time>2026-05-01T02:19:54.8970000+00:00</time>
      </trkpt>
      <trkpt lat="46.75019" lon="7.88823">
        <ele>1699.53</ele>
        <time>2026-05-01T02:20:14.3590000+00:00</time>
      </trkpt>
      <trkpt lat="46.75016" lon="7.88834">
        <ele>1699.09</ele>
        <time>2026-05-01T02:20:25.1830000+00:00</time>
      </trkpt>
      <trkpt lat="46.75014" lon="7.88841">
        <ele>1698.88</ele>
        <time>2026-05-01T02:20:32.1170000+00:00</time>
      </trkpt>
      <trkpt lat="46.75013" lon="7.88844">
        <ele>1698.84</ele>
        <time>2026-05-01T02:20:35.1690000+00:00</time>
      </trkpt>
      <trkpt lat="46.75011" lon="7.88847">
        <ele>1699.04</ele>
        <time>2026-05-01T02:20:38.9980000+00:00</time>
      </trkpt>
      <trkpt lat="46.75009" lon="7.88851">
        <ele>1699.15</ele>
        <time>2026-05-01T02:20:43.5260000+00:00</time>
      </trkpt>
      <trkpt lat="46.75003" lon="7.88856">
        <ele>1700.14</ele>
        <time>2026-05-01T02:20:52.7450000+00:00</time>
      </trkpt>
      <trkpt lat="46.74998" lon="7.88861">
        <ele>1700.87</ele>
        <time>2026-05-01T02:21:00.8330000+00:00</time>
      </trkpt>
      <trkpt lat="46.74996" lon="7.88864">
        <ele>1701.05</ele>
        <time>2026-05-01T02:21:04.6600000+00:00</time>
      </trkpt>
      <trkpt lat="46.74991" lon="7.8887">
        <ele>1701.65</ele>
        <time>2026-05-01T02:21:13.2960000+00:00</time>
      </trkpt>
      <trkpt lat="46.74984" lon="7.8888">
        <ele>1702.3</ele>
        <time>2026-05-01T02:21:26.3650000+00:00</time>
      </trkpt>
      <trkpt lat="46.74981" lon="7.88884">
        <ele>1702.59</ele>
        <time>2026-05-01T02:21:31.7870000+00:00</time>
      </trkpt>
      <trkpt lat="46.74981" lon="7.88888">
        <ele>1702.16</ele>
        <time>2026-05-01T02:21:35.4450000+00:00</time>
      </trkpt>
      <trkpt lat="46.74981" lon="7.88892">
        <ele>1701.73</ele>
        <time>2026-05-01T02:21:39.1020000+00:00</time>
      </trkpt>
      <trkpt lat="46.74983" lon="7.88905">
        <ele>1699.86</ele>
        <time>2026-05-01T02:21:51.2830000+00:00</time>
      </trkpt>
      <trkpt lat="46.74983" lon="7.88912">
        <ele>1699.12</ele>
        <time>2026-05-01T02:21:57.6820000+00:00</time>
      </trkpt>
      <trkpt lat="46.74983" lon="7.88915">
        <ele>1698.79</ele>
        <time>2026-05-01T02:22:00.4250000+00:00</time>
      </trkpt>
      <trkpt lat="46.74982" lon="7.88918">
        <ele>1698.7</ele>
        <time>2026-05-01T02:22:03.4770000+00:00</time>
      </trkpt>
      <trkpt lat="46.74981" lon="7.8892">
        <ele>1698.72</ele>
        <time>2026-05-01T02:22:05.7440000+00:00</time>
      </trkpt>
      <trkpt lat="46.74978" lon="7.88926">
        <ele>1698.75</ele>
        <time>2026-05-01T02:22:12.5350000+00:00</time>
      </trkpt>
      <trkpt lat="46.74975" lon="7.8893">
        <ele>1698.8</ele>
        <time>2026-05-01T02:22:17.9560000+00:00</time>
      </trkpt>
      <trkpt lat="46.74975" lon="7.88932">
        <ele>1698.49</ele>
        <time>2026-05-01T02:22:19.7820000+00:00</time>
      </trkpt>
      <trkpt lat="46.74975" lon="7.88936">
        <ele>1697.85</ele>
        <time>2026-05-01T02:22:23.4380000+00:00</time>
      </trkpt>
      <trkpt lat="46.74977" lon="7.88945">
        <ele>1695.99</ele>
        <time>2026-05-01T02:22:32.0870000+00:00</time>
      </trkpt>
      <trkpt lat="46.7498" lon="7.88961">
        <ele>1692.85</ele>
        <time>2026-05-01T02:22:47.2510000+00:00</time>
      </trkpt>
      <trkpt lat="46.74982" lon="7.88973">
        <ele>1690.58</ele>
        <time>2026-05-01T02:22:58.5420000+00:00</time>
      </trkpt>
      <trkpt lat="46.74982" lon="7.88981">
        <ele>1689.34</ele>
        <time>2026-05-01T02:23:05.8550000+00:00</time>
      </trkpt>
      <trkpt lat="46.74981" lon="7.88988">
        <ele>1688.45</ele>
        <time>2026-05-01T02:23:12.3930000+00:00</time>
      </trkpt>
      <trkpt lat="46.74979" lon="7.88995">
        <ele>1687.75</ele>
        <time>2026-05-01T02:23:19.3270000+00:00</time>
      </trkpt>
      <trkpt lat="46.74974" lon="7.89004">
        <ele>1687.25</ele>
        <time>2026-05-01T02:23:29.9200000+00:00</time>
      </trkpt>
      <trkpt lat="46.74965" lon="7.8902">
        <ele>1686.49</ele>
        <time>2026-05-01T02:23:48.8440000+00:00</time>
      </trkpt>
      <trkpt lat="46.74958" lon="7.89034">
        <ele>1685.74</ele>
        <time>2026-05-01T02:24:04.6880000+00:00</time>
      </trkpt>
      <trkpt lat="46.74954" lon="7.89042">
        <ele>1685.3</ele>
        <time>2026-05-01T02:24:13.7400000+00:00</time>
      </trkpt>
      <trkpt lat="46.7495" lon="7.89055">
        <ele>1684.15</ele>
        <time>2026-05-01T02:24:26.7670000+00:00</time>
      </trkpt>
      <trkpt lat="46.74946" lon="7.89065">
        <ele>1683.43</ele>
        <time>2026-05-01T02:24:37.3530000+00:00</time>
      </trkpt>
      <trkpt lat="46.74943" lon="7.89075">
        <ele>1682.53</ele>
        <time>2026-05-01T02:24:47.3330000+00:00</time>
      </trkpt>
      <trkpt lat="46.74938" lon="7.89085">
        <ele>1681.99</ele>
        <time>2026-05-01T02:24:58.6490000+00:00</time>
      </trkpt>
      <trkpt lat="46.74932" lon="7.89097">
        <ele>1682.52</ele>
        <time>2026-05-01T02:25:12.2290000+00:00</time>
      </trkpt>
      <trkpt lat="46.74925" lon="7.8911">
        <ele>1683.78</ele>
        <time>2026-05-01T02:25:27.3440000+00:00</time>
      </trkpt>
      <trkpt lat="46.7492" lon="7.89119">
        <ele>1684.79</ele>
        <time>2026-05-01T02:25:37.9360000+00:00</time>
      </trkpt>
      <trkpt lat="46.74913" lon="7.89133">
        <ele>1686.18</ele>
        <time>2026-05-01T02:25:53.7790000+00:00</time>
      </trkpt>
      <trkpt lat="46.74911" lon="7.8914">
        <ele>1686.34</ele>
        <time>2026-05-01T02:26:00.7140000+00:00</time>
      </trkpt>
      <trkpt lat="46.74908" lon="7.89148">
        <ele>1686.82</ele>
        <time>2026-05-01T02:26:09.0500000+00:00</time>
      </trkpt>
      <trkpt lat="46.74903" lon="7.89159">
        <ele>1687.91</ele>
        <time>2026-05-01T02:26:21.1170000+00:00</time>
      </trkpt>
      <trkpt lat="46.74899" lon="7.8916">
        <ele>1689.46</ele>
        <time>2026-05-01T02:26:26.5320000+00:00</time>
      </trkpt>
      <trkpt lat="46.74894" lon="7.89164">
        <ele>1691.2</ele>
        <time>2026-05-01T02:26:34.1390000+00:00</time>
      </trkpt>
      <trkpt lat="46.74889" lon="7.89169">
        <ele>1692.9</ele>
        <time>2026-05-01T02:26:42.2260000+00:00</time>
      </trkpt>
      <trkpt lat="46.74885" lon="7.89176">
        <ele>1694.08</ele>
        <time>2026-05-01T02:26:50.5580000+00:00</time>
      </trkpt>
      <trkpt lat="46.74876" lon="7.89185">
        <ele>1697.65</ele>
        <time>2026-05-01T02:27:05.1130000+00:00</time>
      </trkpt>
      <trkpt lat="46.7487" lon="7.89194">
        <ele>1699.9</ele>
        <time>2026-05-01T02:27:16.5930000+00:00</time>
      </trkpt>
      <trkpt lat="46.74863" lon="7.89198">
        <ele>1702.65</ele>
        <time>2026-05-01T02:27:26.6220000+00:00</time>
      </trkpt>
      <trkpt lat="46.74858" lon="7.89202">
        <ele>1704.55</ele>
        <time>2026-05-01T02:27:34.2290000+00:00</time>
      </trkpt>
      <trkpt lat="46.74856" lon="7.89205">
        <ele>1705.25</ele>
        <time>2026-05-01T02:27:38.0560000+00:00</time>
      </trkpt>
      <trkpt lat="46.74849" lon="7.89212">
        <ele>1707.62</ele>
        <time>2026-05-01T02:27:49.3780000+00:00</time>
      </trkpt>
      <trkpt lat="46.74839" lon="7.89217">
        <ele>1711.28</ele>
        <time>2026-05-01T02:28:03.4800000+00:00</time>
      </trkpt>
      <trkpt lat="46.74831" lon="7.89222">
        <ele>1714.44</ele>
        <time>2026-05-01T02:28:15.0910000+00:00</time>
      </trkpt>
      <trkpt lat="46.74826" lon="7.89225">
        <ele>1716.52</ele>
        <time>2026-05-01T02:28:22.3050000+00:00</time>
      </trkpt>
      <trkpt lat="46.7482" lon="7.89229">
        <ele>1719.15</ele>
        <time>2026-05-01T02:28:31.1060000+00:00</time>
      </trkpt>
      <trkpt lat="46.74817" lon="7.8923">
        <ele>1720.45</ele>
        <time>2026-05-01T02:28:35.2110000+00:00</time>
      </trkpt>
      <trkpt lat="46.74812" lon="7.89233">
        <ele>1722.75</ele>
        <time>2026-05-01T02:28:42.4250000+00:00</time>
      </trkpt>
      <trkpt lat="46.74809" lon="7.89234">
        <ele>1724.1</ele>
        <time>2026-05-01T02:28:46.5320000+00:00</time>
      </trkpt>
      <trkpt lat="46.74806" lon="7.89235">
        <ele>1725.47</ele>
        <time>2026-05-01T02:28:50.6390000+00:00</time>
      </trkpt>
      <trkpt lat="46.74798" lon="7.8924">
        <ele>1729.48</ele>
        <time>2026-05-01T02:29:02.2500000+00:00</time>
      </trkpt>
      <trkpt lat="46.74791" lon="7.89245">
        <ele>1733.25</ele>
        <time>2026-05-01T02:29:12.6480000+00:00</time>
      </trkpt>
      <trkpt lat="46.74783" lon="7.8925">
        <ele>1737.68</ele>
        <time>2026-05-01T02:29:24.2590000+00:00</time>
      </trkpt>
      <trkpt lat="46.7478" lon="7.89251">
        <ele>1739.25</ele>
        <time>2026-05-01T02:29:28.3630000+00:00</time>
      </trkpt>
      <trkpt lat="46.7477" lon="7.89255">
        <ele>1744.13</ele>
        <time>2026-05-01T02:29:42.1970000+00:00</time>
      </trkpt>
      <trkpt lat="46.74766" lon="7.89256">
        <ele>1743.9</ele>
        <time>2026-05-01T02:29:47.6130000+00:00</time>
      </trkpt>
      <trkpt lat="46.74759" lon="7.89257">
        <ele>1743.35</ele>
        <time>2026-05-01T02:29:56.9960000+00:00</time>
      </trkpt>
      <trkpt lat="46.74754" lon="7.8926">
        <ele>1743.21</ele>
        <time>2026-05-01T02:30:04.2090000+00:00</time>
      </trkpt>
      <trkpt lat="46.74749" lon="7.89261">
        <ele>1742.7</ele>
        <time>2026-05-01T02:30:10.9430000+00:00</time>
      </trkpt>
      <trkpt lat="46.74745" lon="7.89263">
        <ele>1742.34</ele>
        <time>2026-05-01T02:30:16.5860000+00:00</time>
      </trkpt>
      <trkpt lat="46.7474" lon="7.89266">
        <ele>1741.88</ele>
        <time>2026-05-01T02:30:23.8000000+00:00</time>
      </trkpt>
      <trkpt lat="46.74737" lon="7.89268">
        <ele>1741.6</ele>
        <time>2026-05-01T02:30:28.2010000+00:00</time>
      </trkpt>
      <trkpt lat="46.74735" lon="7.89272">
        <ele>1741.48</ele>
        <time>2026-05-01T02:30:32.7290000+00:00</time>
      </trkpt>
      <trkpt lat="46.74734" lon="7.89276">
        <ele>1741.48</ele>
        <time>2026-05-01T02:30:36.6220000+00:00</time>
      </trkpt>
      <trkpt lat="46.74735" lon="7.89279">
        <ele>1741.69</ele>
        <time>2026-05-01T02:30:39.6740000+00:00</time>
      </trkpt>
      <trkpt lat="46.74737" lon="7.89285">
        <ele>1742.12</ele>
        <time>2026-05-01T02:30:45.7740000+00:00</time>
      </trkpt>
      <trkpt lat="46.74739" lon="7.8929">
        <ele>1742.54</ele>
        <time>2026-05-01T02:30:51.0680000+00:00</time>
      </trkpt>
      <trkpt lat="46.74741" lon="7.89294">
        <ele>1742.95</ele>
        <time>2026-05-01T02:30:55.5960000+00:00</time>
      </trkpt>
      <trkpt lat="46.74744" lon="7.89296">
        <ele>1743.44</ele>
        <time>2026-05-01T02:30:59.9970000+00:00</time>
      </trkpt>
      <trkpt lat="46.74746" lon="7.89304">
        <ele>1744.02</ele>
        <time>2026-05-01T02:31:07.7830000+00:00</time>
      </trkpt>
      <trkpt lat="46.74746" lon="7.89312">
        <ele>1744.33</ele>
        <time>2026-05-01T02:31:15.0960000+00:00</time>
      </trkpt>
      <trkpt lat="46.74748" lon="7.89326">
        <ele>1745.2</ele>
        <time>2026-05-01T02:31:28.1690000+00:00</time>
      </trkpt>
      <trkpt lat="46.7475" lon="7.89336">
        <ele>1745.95</ele>
        <time>2026-05-01T02:31:37.6920000+00:00</time>
      </trkpt>
      <trkpt lat="46.74751" lon="7.89347">
        <ele>1746.28</ele>
        <time>2026-05-01T02:31:47.8360000+00:00</time>
      </trkpt>
      <trkpt lat="46.74751" lon="7.89358">
        <ele>1746.01</ele>
        <time>2026-05-01T02:31:57.8930000+00:00</time>
      </trkpt>
      <trkpt lat="46.74752" lon="7.89364">
        <ele>1746.05</ele>
        <time>2026-05-01T02:32:03.5380000+00:00</time>
      </trkpt>
      <trkpt lat="46.74755" lon="7.89375">
        <ele>1746.33</ele>
        <time>2026-05-01T02:32:14.3610000+00:00</time>
      </trkpt>
      <trkpt lat="46.74755" lon="7.89377">
        <ele>1746.28</ele>
        <time>2026-05-01T02:32:16.1870000+00:00</time>
      </trkpt>
      <trkpt lat="46.74754" lon="7.89384">
        <ele>1745.93</ele>
        <time>2026-05-01T02:32:22.7240000+00:00</time>
      </trkpt>
      <trkpt lat="46.74754" lon="7.89391">
        <ele>1745.76</ele>
        <time>2026-05-01T02:32:29.1230000+00:00</time>
      </trkpt>
      <trkpt lat="46.74755" lon="7.89397">
        <ele>1745.8</ele>
        <time>2026-05-01T02:32:34.7680000+00:00</time>
      </trkpt>
      <trkpt lat="46.74756" lon="7.89401">
        <ele>1745.88</ele>
        <time>2026-05-01T02:32:38.6610000+00:00</time>
      </trkpt>
      <trkpt lat="46.74757" lon="7.89409">
        <ele>1745.87</ele>
        <time>2026-05-01T02:32:46.0950000+00:00</time>
      </trkpt>
      <trkpt lat="46.74759" lon="7.89421">
        <ele>1745.94</ele>
        <time>2026-05-01T02:32:57.3850000+00:00</time>
      </trkpt>
      <trkpt lat="46.74759" lon="7.89428">
        <ele>1745.41</ele>
        <time>2026-05-01T02:33:03.7850000+00:00</time>
      </trkpt>
      <trkpt lat="46.74759" lon="7.89435">
        <ele>1744.22</ele>
        <time>2026-05-01T02:33:10.1850000+00:00</time>
      </trkpt>
      <trkpt lat="46.7476" lon="7.8944">
        <ele>1743.52</ele>
        <time>2026-05-01T02:33:14.9480000+00:00</time>
      </trkpt>
      <trkpt lat="46.7476" lon="7.89451">
        <ele>1741.64</ele>
        <time>2026-05-01T02:33:25.0040000+00:00</time>
      </trkpt>
      <trkpt lat="46.7476" lon="7.89458">
        <ele>1740.44</ele>
        <time>2026-05-01T02:33:31.4030000+00:00</time>
      </trkpt>
      <trkpt lat="46.7476" lon="7.89466">
        <ele>1739.07</ele>
        <time>2026-05-01T02:33:38.7180000+00:00</time>
      </trkpt>
      <trkpt lat="46.74759" lon="7.8947">
        <ele>1738.28</ele>
        <time>2026-05-01T02:33:42.6110000+00:00</time>
      </trkpt>
      <trkpt lat="46.74759" lon="7.89475">
        <ele>1737.43</ele>
        <time>2026-05-01T02:33:47.1840000+00:00</time>
      </trkpt>
      <trkpt lat="46.7476" lon="7.89482">
        <ele>1736.32</ele>
        <time>2026-05-01T02:33:53.7220000+00:00</time>
      </trkpt>
      <trkpt lat="46.7476" lon="7.89487">
        <ele>1735.46</ele>
        <time>2026-05-01T02:33:58.2940000+00:00</time>
      </trkpt>
      <trkpt lat="46.74758" lon="7.89501">
        <ele>1732.99</ele>
        <time>2026-05-01T02:34:11.3680000+00:00</time>
      </trkpt>
      <trkpt lat="46.74754" lon="7.89524">
        <ele>1728.27</ele>
        <time>2026-05-01T02:34:33.0610000+00:00</time>
      </trkpt>
      <trkpt lat="46.74754" lon="7.89536">
        <ele>1725.65</ele>
        <time>2026-05-01T02:34:44.0320000+00:00</time>
      </trkpt>
      <trkpt lat="46.74754" lon="7.89544">
        <ele>1723.91</ele>
        <time>2026-05-01T02:34:51.3460000+00:00</time>
      </trkpt>
      <trkpt lat="46.74754" lon="7.89551">
        <ele>1722.39</ele>
        <time>2026-05-01T02:34:57.7450000+00:00</time>
      </trkpt>
      <trkpt lat="46.74752" lon="7.89562">
        <ele>1720.16</ele>
        <time>2026-05-01T02:35:08.1510000+00:00</time>
      </trkpt>
      <trkpt lat="46.74749" lon="7.89571">
        <ele>1718.54</ele>
        <time>2026-05-01T02:35:17.3000000+00:00</time>
      </trkpt>
      <trkpt lat="46.74747" lon="7.89577">
        <ele>1717.52</ele>
        <time>2026-05-01T02:35:23.4010000+00:00</time>
      </trkpt>
      <trkpt lat="46.74746" lon="7.8959">
        <ele>1715.01</ele>
        <time>2026-05-01T02:35:35.3590000+00:00</time>
      </trkpt>
      <trkpt lat="46.74744" lon="7.89599">
        <ele>1713.83</ele>
        <time>2026-05-01T02:35:44.0090000+00:00</time>
      </trkpt>
      <trkpt lat="46.74744" lon="7.89613">
        <ele>1711.69</ele>
        <time>2026-05-01T02:35:56.8080000+00:00</time>
      </trkpt>
      <trkpt lat="46.74742" lon="7.89622">
        <ele>1710.66</ele>
        <time>2026-05-01T02:36:05.4580000+00:00</time>
      </trkpt>
      <trkpt lat="46.7474" lon="7.89634">
        <ele>1709.22</ele>
        <time>2026-05-01T02:36:16.7480000+00:00</time>
      </trkpt>
      <trkpt lat="46.7474" lon="7.89642">
        <ele>1708.03</ele>
        <time>2026-05-01T02:36:24.0620000+00:00</time>
      </trkpt>
      <trkpt lat="46.7474" lon="7.89648">
        <ele>1707.14</ele>
        <time>2026-05-01T02:36:29.5470000+00:00</time>
      </trkpt>
      <trkpt lat="46.74737" lon="7.8966">
        <ele>1705.99</ele>
        <time>2026-05-01T02:36:41.2250000+00:00</time>
      </trkpt>
      <trkpt lat="46.74736" lon="7.89667">
        <ele>1705.19</ele>
        <time>2026-05-01T02:36:47.7620000+00:00</time>
      </trkpt>
      <trkpt lat="46.74736" lon="7.89672">
        <ele>1704.47</ele>
        <time>2026-05-01T02:36:52.3360000+00:00</time>
      </trkpt>
      <trkpt lat="46.74734" lon="7.89679">
        <ele>1703.8</ele>
        <time>2026-05-01T02:36:59.2690000+00:00</time>
      </trkpt>
      <trkpt lat="46.74732" lon="7.89684">
        <ele>1703.39</ele>
        <time>2026-05-01T02:37:04.5630000+00:00</time>
      </trkpt>
      <trkpt lat="46.74733" lon="7.89686">
        <ele>1702.81</ele>
        <time>2026-05-01T02:37:06.8300000+00:00</time>
      </trkpt>
      <trkpt lat="46.74733" lon="7.89689">
        <ele>1702.29</ele>
        <time>2026-05-01T02:37:09.5730000+00:00</time>
      </trkpt>
      <trkpt lat="46.74732" lon="7.89694">
        <ele>1701.65</ele>
        <time>2026-05-01T02:37:14.3360000+00:00</time>
      </trkpt>
      <trkpt lat="46.74732" lon="7.89698">
        <ele>1700.96</ele>
        <time>2026-05-01T02:37:17.9920000+00:00</time>
      </trkpt>
      <trkpt lat="46.74732" lon="7.897">
        <ele>1700.61</ele>
        <time>2026-05-01T02:37:19.8210000+00:00</time>
      </trkpt>
      <trkpt lat="46.74731" lon="7.89702">
        <ele>1700.48</ele>
        <time>2026-05-01T02:37:22.0880000+00:00</time>
      </trkpt>
      <trkpt lat="46.74731" lon="7.89706">
        <ele>1699.79</ele>
        <time>2026-05-01T02:37:25.7470000+00:00</time>
      </trkpt>
      <trkpt lat="46.74732" lon="7.8971">
        <ele>1698.87</ele>
        <time>2026-05-01T02:37:29.6400000+00:00</time>
      </trkpt>
      <trkpt lat="46.74734" lon="7.89716">
        <ele>1697.38</ele>
        <time>2026-05-01T02:37:35.7410000+00:00</time>
      </trkpt>
      <trkpt lat="46.74734" lon="7.89724">
        <ele>1695.99</ele>
        <time>2026-05-01T02:37:43.0540000+00:00</time>
      </trkpt>
      <trkpt lat="46.74734" lon="7.8973">
        <ele>1694.95</ele>
        <time>2026-05-01T02:37:48.5380000+00:00</time>
      </trkpt>
      <trkpt lat="46.74734" lon="7.89736">
        <ele>1693.91</ele>
        <time>2026-05-01T02:37:54.0220000+00:00</time>
      </trkpt>
      <trkpt lat="46.74734" lon="7.89741">
        <ele>1693.05</ele>
        <time>2026-05-01T02:37:58.5930000+00:00</time>
      </trkpt>
      <trkpt lat="46.74734" lon="7.89743">
        <ele>1692.7</ele>
        <time>2026-05-01T02:38:00.4220000+00:00</time>
      </trkpt>
      <trkpt lat="46.74733" lon="7.89747">
        <ele>1692.22</ele>
        <time>2026-05-01T02:38:04.3140000+00:00</time>
      </trkpt>
      <trkpt lat="46.74733" lon="7.89754">
        <ele>1691.01</ele>
        <time>2026-05-01T02:38:10.7130000+00:00</time>
      </trkpt>
      <trkpt lat="46.74733" lon="7.89758">
        <ele>1690.31</ele>
        <time>2026-05-01T02:38:14.3690000+00:00</time>
      </trkpt>
      <trkpt lat="46.74733" lon="7.8976">
        <ele>1689.93</ele>
        <time>2026-05-01T02:38:16.1980000+00:00</time>
      </trkpt>
      <trkpt lat="46.74732" lon="7.89762">
        <ele>1689.74</ele>
        <time>2026-05-01T02:38:18.4650000+00:00</time>
      </trkpt>
      <trkpt lat="46.74732" lon="7.89764">
        <ele>1689.34</ele>
        <time>2026-05-01T02:38:20.2950000+00:00</time>
      </trkpt>
      <trkpt lat="46.74731" lon="7.89768">
        <ele>1688.74</ele>
        <time>2026-05-01T02:38:24.1880000+00:00</time>
      </trkpt>
      <trkpt lat="46.74732" lon="7.89774">
        <ele>1687.33</ele>
        <time>2026-05-01T02:38:29.8330000+00:00</time>
      </trkpt>
      <trkpt lat="46.7473" lon="7.89779">
        <ele>1686.7</ele>
        <time>2026-05-01T02:38:35.1270000+00:00</time>
      </trkpt>
      <trkpt lat="46.74728" lon="7.89784">
        <ele>1686.06</ele>
        <time>2026-05-01T02:38:40.4210000+00:00</time>
      </trkpt>
      <trkpt lat="46.74727" lon="7.89788">
        <ele>1685.42</ele>
        <time>2026-05-01T02:38:44.3140000+00:00</time>
      </trkpt>
      <trkpt lat="46.74726" lon="7.89791">
        <ele>1684.98</ele>
        <time>2026-05-01T02:38:47.3660000+00:00</time>
      </trkpt>
      <trkpt lat="46.74727" lon="7.89792">
        <ele>1684.59</ele>
        <time>2026-05-01T02:38:48.9850000+00:00</time>
      </trkpt>
      <trkpt lat="46.74728" lon="7.89794">
        <ele>1684</ele>
        <time>2026-05-01T02:38:51.2520000+00:00</time>
      </trkpt>
      <trkpt lat="46.74728" lon="7.89798">
        <ele>1683.18</ele>
        <time>2026-05-01T02:38:54.9080000+00:00</time>
      </trkpt>
      <trkpt lat="46.74727" lon="7.898">
        <ele>1682.94</ele>
        <time>2026-05-01T02:38:57.1740000+00:00</time>
      </trkpt>
      <trkpt lat="46.74726" lon="7.89802">
        <ele>1682.69</ele>
        <time>2026-05-01T02:38:59.4410000+00:00</time>
      </trkpt>
      <trkpt lat="46.74726" lon="7.89804">
        <ele>1682.27</ele>
        <time>2026-05-01T02:39:01.2740000+00:00</time>
      </trkpt>
      <trkpt lat="46.74723" lon="7.89807">
        <ele>1682.13</ele>
        <time>2026-05-01T02:39:06.1290000+00:00</time>
      </trkpt>
      <trkpt lat="46.74723" lon="7.89809">
        <ele>1681.71</ele>
        <time>2026-05-01T02:39:07.9580000+00:00</time>
      </trkpt>
      <trkpt lat="46.74723" lon="7.89812">
        <ele>1681.07</ele>
        <time>2026-05-01T02:39:10.7020000+00:00</time>
      </trkpt>
      <trkpt lat="46.74725" lon="7.89811">
        <ele>1680.97</ele>
        <time>2026-05-01T02:39:13.5240000+00:00</time>
      </trkpt>
      <trkpt lat="46.74728" lon="7.89812">
        <ele>1680.3</ele>
        <time>2026-05-01T02:39:17.6310000+00:00</time>
      </trkpt>
      <trkpt lat="46.74731" lon="7.89813">
        <ele>1679.63</ele>
        <time>2026-05-01T02:39:21.7380000+00:00</time>
      </trkpt>
      <trkpt lat="46.74731" lon="7.89815">
        <ele>1679.23</ele>
        <time>2026-05-01T02:39:23.5750000+00:00</time>
      </trkpt>
      <trkpt lat="46.74729" lon="7.89818">
        <ele>1678.92</ele>
        <time>2026-05-01T02:39:27.4010000+00:00</time>
      </trkpt>
      <trkpt lat="46.74729" lon="7.8982">
        <ele>1678.51</ele>
        <time>2026-05-01T02:39:29.2270000+00:00</time>
      </trkpt>
      <trkpt lat="46.74731" lon="7.89821">
        <ele>1678.01</ele>
        <time>2026-05-01T02:39:32.0470000+00:00</time>
      </trkpt>
      <trkpt lat="46.74733" lon="7.89822">
        <ele>1677.53</ele>
        <time>2026-05-01T02:39:34.8700000+00:00</time>
      </trkpt>
      <trkpt lat="46.74735" lon="7.89822">
        <ele>1677.24</ele>
        <time>2026-05-01T02:39:37.5390000+00:00</time>
      </trkpt>
      <trkpt lat="46.74736" lon="7.89823">
        <ele>1676.9</ele>
        <time>2026-05-01T02:39:39.1580000+00:00</time>
      </trkpt>
      <trkpt lat="46.74736" lon="7.89825">
        <ele>1676.51</ele>
        <time>2026-05-01T02:39:40.9940000+00:00</time>
      </trkpt>
      <trkpt lat="46.74735" lon="7.89826">
        <ele>1676.45</ele>
        <time>2026-05-01T02:39:42.6130000+00:00</time>
      </trkpt>
      <trkpt lat="46.74734" lon="7.89831">
        <ele>1675.59</ele>
        <time>2026-05-01T02:39:47.3760000+00:00</time>
      </trkpt>
      <trkpt lat="46.74736" lon="7.89833">
        <ele>1674.94</ele>
        <time>2026-05-01T02:39:50.6120000+00:00</time>
      </trkpt>
      <trkpt lat="46.74736" lon="7.89836">
        <ele>1674.35</ele>
        <time>2026-05-01T02:39:53.3600000+00:00</time>
      </trkpt>
      <trkpt lat="46.74736" lon="7.89839">
        <ele>1673.76</ele>
        <time>2026-05-01T02:39:56.1080000+00:00</time>
      </trkpt>
      <trkpt lat="46.74735" lon="7.89842">
        <ele>1673.29</ele>
        <time>2026-05-01T02:39:59.1600000+00:00</time>
      </trkpt>
      <trkpt lat="46.74736" lon="7.89844">
        <ele>1672.8</ele>
        <time>2026-05-01T02:40:01.4270000+00:00</time>
      </trkpt>
      <trkpt lat="46.74737" lon="7.89847">
        <ele>1672.13</ele>
        <time>2026-05-01T02:40:04.4790000+00:00</time>
      </trkpt>
      <trkpt lat="46.74738" lon="7.89848">
        <ele>1671.84</ele>
        <time>2026-05-01T02:40:06.0980000+00:00</time>
      </trkpt>
      <trkpt lat="46.7474" lon="7.89851">
        <ele>1671.07</ele>
        <time>2026-05-01T02:40:09.9250000+00:00</time>
      </trkpt>
      <trkpt lat="46.74742" lon="7.89852">
        <ele>1670.67</ele>
        <time>2026-05-01T02:40:12.7450000+00:00</time>
      </trkpt>
      <trkpt lat="46.74743" lon="7.89853">
        <ele>1670.39</ele>
        <time>2026-05-01T02:40:14.3640000+00:00</time>
      </trkpt>
      <trkpt lat="46.74743" lon="7.89855">
        <ele>1670.04</ele>
        <time>2026-05-01T02:40:16.1940000+00:00</time>
      </trkpt>
      <trkpt lat="46.74742" lon="7.89855">
        <ele>1670.14</ele>
        <time>2026-05-01T02:40:17.5320000+00:00</time>
      </trkpt>
      <trkpt lat="46.7474" lon="7.89855">
        <ele>1670.35</ele>
        <time>2026-05-01T02:40:20.1990000+00:00</time>
      </trkpt>
      <trkpt lat="46.74738" lon="7.89857">
        <ele>1670.2</ele>
        <time>2026-05-01T02:40:23.4350000+00:00</time>
      </trkpt>
      <trkpt lat="46.74736" lon="7.89859">
        <ele>1670.03</ele>
        <time>2026-05-01T02:40:26.6730000+00:00</time>
      </trkpt>
      <trkpt lat="46.74735" lon="7.89861">
        <ele>1669.76</ele>
        <time>2026-05-01T02:40:28.9390000+00:00</time>
      </trkpt>
      <trkpt lat="46.74736" lon="7.89863">
        <ele>1669.29</ele>
        <time>2026-05-01T02:40:31.2060000+00:00</time>
      </trkpt>
      <trkpt lat="46.74736" lon="7.89868">
        <ele>1668.37</ele>
        <time>2026-05-01T02:40:35.7800000+00:00</time>
      </trkpt>
      <trkpt lat="46.74737" lon="7.89869">
        <ele>1668.1</ele>
        <time>2026-05-01T02:40:37.3980000+00:00</time>
      </trkpt>
      <trkpt lat="46.74736" lon="7.89872">
        <ele>1667.63</ele>
        <time>2026-05-01T02:40:40.4510000+00:00</time>
      </trkpt>
      <trkpt lat="46.74734" lon="7.89876">
        <ele>1667.06</ele>
        <time>2026-05-01T02:40:44.9790000+00:00</time>
      </trkpt>
      <trkpt lat="46.74733" lon="7.89881">
        <ele>1666.2</ele>
        <time>2026-05-01T02:40:49.7400000+00:00</time>
      </trkpt>
      <trkpt lat="46.74733" lon="7.89885">
        <ele>1665.44</ele>
        <time>2026-05-01T02:40:53.3950000+00:00</time>
      </trkpt>
      <trkpt lat="46.74731" lon="7.8989">
        <ele>1664.63</ele>
        <time>2026-05-01T02:40:58.6890000+00:00</time>
      </trkpt>
      <trkpt lat="46.7473" lon="7.89895">
        <ele>1663.74</ele>
        <time>2026-05-01T02:41:03.4520000+00:00</time>
      </trkpt>
      <trkpt lat="46.7473" lon="7.899">
        <ele>1662.78</ele>
        <time>2026-05-01T02:41:08.0220000+00:00</time>
      </trkpt>
      <trkpt lat="46.74732" lon="7.89906">
        <ele>1661.54</ele>
        <time>2026-05-01T02:41:14.1230000+00:00</time>
      </trkpt>
      <trkpt lat="46.74733" lon="7.89912">
        <ele>1660.37</ele>
        <time>2026-05-01T02:41:19.7680000+00:00</time>
      </trkpt>
      <trkpt lat="46.74735" lon="7.89917">
        <ele>1659.36</ele>
        <time>2026-05-01T02:41:25.0620000+00:00</time>
      </trkpt>
      <trkpt lat="46.74736" lon="7.89923">
        <ele>1658.22</ele>
        <time>2026-05-01T02:41:30.7080000+00:00</time>
      </trkpt>
      <trkpt lat="46.74738" lon="7.89932">
        <ele>1657.06</ele>
        <time>2026-05-01T02:41:39.3580000+00:00</time>
      </trkpt>
      <trkpt lat="46.7474" lon="7.89938">
        <ele>1656.39</ele>
        <time>2026-05-01T02:41:45.4590000+00:00</time>
      </trkpt>
      <trkpt lat="46.74742" lon="7.89943">
        <ele>1655.82</ele>
        <time>2026-05-01T02:41:50.7510000+00:00</time>
      </trkpt>
      <trkpt lat="46.74746" lon="7.89943">
        <ele>1655.75</ele>
        <time>2026-05-01T02:41:56.0880000+00:00</time>
      </trkpt>
      <trkpt lat="46.74746" lon="7.89943">
        <ele>1655.75</ele>
        <time>2026-05-01T02:41:56.0880000+00:00</time>
      </trkpt>
      <trkpt lat="46.74745" lon="7.89945">
        <ele>1655.56</ele>
        <time>2026-05-01T02:41:58.3520000+00:00</time>
      </trkpt>
      <trkpt lat="46.74745" lon="7.89948">
        <ele>1655.25</ele>
        <time>2026-05-01T02:42:01.0950000+00:00</time>
      </trkpt>
      <trkpt lat="46.74747" lon="7.89949">
        <ele>1655.11</ele>
        <time>2026-05-01T02:42:03.9130000+00:00</time>
      </trkpt>
      <trkpt lat="46.74748" lon="7.89953">
        <ele>1654.68</ele>
        <time>2026-05-01T02:42:07.8050000+00:00</time>
      </trkpt>
      <trkpt lat="46.74748" lon="7.89954">
        <ele>1654.58</ele>
        <time>2026-05-01T02:42:08.7160000+00:00</time>
      </trkpt>
      <trkpt lat="46.7475" lon="7.89954">
        <ele>1654.55</ele>
        <time>2026-05-01T02:42:11.3830000+00:00</time>
      </trkpt>
      <trkpt lat="46.74752" lon="7.89954">
        <ele>1654.52</ele>
        <time>2026-05-01T02:42:14.0510000+00:00</time>
      </trkpt>
      <trkpt lat="46.74752" lon="7.89955">
        <ele>1654.42</ele>
        <time>2026-05-01T02:42:14.9630000+00:00</time>
      </trkpt>
      <trkpt lat="46.74752" lon="7.89956">
        <ele>1654.31</ele>
        <time>2026-05-01T02:42:15.8740000+00:00</time>
      </trkpt>
      <trkpt lat="46.74753" lon="7.89957">
        <ele>1654.2</ele>
        <time>2026-05-01T02:42:17.4930000+00:00</time>
      </trkpt>
      <trkpt lat="46.74755" lon="7.89957">
        <ele>1654.17</ele>
        <time>2026-05-01T02:42:20.1600000+00:00</time>
      </trkpt>
      <trkpt lat="46.74756" lon="7.89963">
        <ele>1653.55</ele>
        <time>2026-05-01T02:42:25.8050000+00:00</time>
      </trkpt>
      <trkpt lat="46.74757" lon="7.89965">
        <ele>1653.34</ele>
        <time>2026-05-01T02:42:28.0660000+00:00</time>
      </trkpt>
      <trkpt lat="46.74761" lon="7.89974">
        <ele>1652.4</ele>
        <time>2026-05-01T02:42:37.8730000+00:00</time>
      </trkpt>
      <trkpt lat="46.7476" lon="7.89977">
        <ele>1652.11</ele>
        <time>2026-05-01T02:42:40.9250000+00:00</time>
      </trkpt>
      <trkpt lat="46.74762" lon="7.89981">
        <ele>1651.7</ele>
        <time>2026-05-01T02:42:45.4520000+00:00</time>
      </trkpt>
      <trkpt lat="46.74762" lon="7.8999">
        <ele>1650.81</ele>
        <time>2026-05-01T02:42:53.6790000+00:00</time>
      </trkpt>
      <trkpt lat="46.74764" lon="7.89995">
        <ele>1650.31</ele>
        <time>2026-05-01T02:42:58.9720000+00:00</time>
      </trkpt>
      <trkpt lat="46.74764" lon="7.90006">
        <ele>1649.23</ele>
        <time>2026-05-01T02:43:09.0290000+00:00</time>
      </trkpt>
      <trkpt lat="46.74764" lon="7.90015">
        <ele>1648.98</ele>
        <time>2026-05-01T02:43:17.2570000+00:00</time>
      </trkpt>
      <trkpt lat="46.74763" lon="7.90019">
        <ele>1648.96</ele>
        <time>2026-05-01T02:43:21.1500000+00:00</time>
      </trkpt>
      <trkpt lat="46.7476" lon="7.9002">
        <ele>1648.94</ele>
        <time>2026-05-01T02:43:25.2560000+00:00</time>
      </trkpt>
      <trkpt lat="46.74759" lon="7.90023">
        <ele>1648.92</ele>
        <time>2026-05-01T02:43:28.3080000+00:00</time>
      </trkpt>
      <trkpt lat="46.74758" lon="7.90026">
        <ele>1648.9</ele>
        <time>2026-05-01T02:43:31.3600000+00:00</time>
      </trkpt>
      <trkpt lat="46.74757" lon="7.90029">
        <ele>1648.87</ele>
        <time>2026-05-01T02:43:34.4100000+00:00</time>
      </trkpt>
      <trkpt lat="46.74755" lon="7.90038">
        <ele>1648.79</ele>
        <time>2026-05-01T02:43:43.0600000+00:00</time>
      </trkpt>
      <trkpt lat="46.7475" lon="7.90048">
        <ele>1648.64</ele>
        <time>2026-05-01T02:43:54.3770000+00:00</time>
      </trkpt>
      <trkpt lat="46.74745" lon="7.90056">
        <ele>1648.46</ele>
        <time>2026-05-01T02:44:04.2760000+00:00</time>
      </trkpt>
      <trkpt lat="46.74742" lon="7.90062">
        <ele>1648.33</ele>
        <time>2026-05-01T02:44:11.0670000+00:00</time>
      </trkpt>
      <trkpt lat="46.7474" lon="7.90068">
        <ele>1648.2</ele>
        <time>2026-05-01T02:44:17.1670000+00:00</time>
      </trkpt>
      <trkpt lat="46.74737" lon="7.90073">
        <ele>1648.05</ele>
        <time>2026-05-01T02:44:23.2440000+00:00</time>
      </trkpt>
      <trkpt lat="46.74736" lon="7.9008">
        <ele>1647.91</ele>
        <time>2026-05-01T02:44:29.7820000+00:00</time>
      </trkpt>
      <trkpt lat="46.74732" lon="7.90088">
        <ele>1647.65</ele>
        <time>2026-05-01T02:44:38.8360000+00:00</time>
      </trkpt>
      <trkpt lat="46.74729" lon="7.90094">
        <ele>1647.25</ele>
        <time>2026-05-01T02:44:45.6260000+00:00</time>
      </trkpt>
      <trkpt lat="46.74726" lon="7.90101">
        <ele>1646.46</ele>
        <time>2026-05-01T02:44:53.1740000+00:00</time>
      </trkpt>
      <trkpt lat="46.74724" lon="7.90104">
        <ele>1646.09</ele>
        <time>2026-05-01T02:44:57.0030000+00:00</time>
      </trkpt>
      <trkpt lat="46.74725" lon="7.90106">
        <ele>1645.94</ele>
        <time>2026-05-01T02:44:59.2670000+00:00</time>
      </trkpt>
      <trkpt lat="46.74723" lon="7.90112">
        <ele>1645.27</ele>
        <time>2026-05-01T02:45:05.3670000+00:00</time>
      </trkpt>
      <trkpt lat="46.74721" lon="7.9012">
        <ele>1644.4</ele>
        <time>2026-05-01T02:45:13.1530000+00:00</time>
      </trkpt>
      <trkpt lat="46.74718" lon="7.90123">
        <ele>1643.97</ele>
        <time>2026-05-01T02:45:18.0050000+00:00</time>
      </trkpt>
      <trkpt lat="46.74713" lon="7.90125">
        <ele>1643.54</ele>
        <time>2026-05-01T02:45:24.9220000+00:00</time>
      </trkpt>
      <trkpt lat="46.74708" lon="7.90129">
        <ele>1642.9</ele>
        <time>2026-05-01T02:45:32.5290000+00:00</time>
      </trkpt>
      <trkpt lat="46.74706" lon="7.90134">
        <ele>1642.3</ele>
        <time>2026-05-01T02:45:37.8220000+00:00</time>
      </trkpt>
      <trkpt lat="46.74706" lon="7.90138">
        <ele>1641.88</ele>
        <time>2026-05-01T02:45:41.4780000+00:00</time>
      </trkpt>
      <trkpt lat="46.74706" lon="7.90144">
        <ele>1641.27</ele>
        <time>2026-05-01T02:45:46.9630000+00:00</time>
      </trkpt>
      <trkpt lat="46.74706" lon="7.90153">
        <ele>1640.34</ele>
        <time>2026-05-01T02:45:55.1920000+00:00</time>
      </trkpt>
      <trkpt lat="46.74707" lon="7.90158">
        <ele>1639.88</ele>
        <time>2026-05-01T02:45:59.9540000+00:00</time>
      </trkpt>
      <trkpt lat="46.74708" lon="7.90166">
        <ele>1639.12</ele>
        <time>2026-05-01T02:46:07.3890000+00:00</time>
      </trkpt>
      <trkpt lat="46.74709" lon="7.90172">
        <ele>1638.57</ele>
        <time>2026-05-01T02:46:13.0350000+00:00</time>
      </trkpt>
      <trkpt lat="46.74709" lon="7.90181">
        <ele>1637.39</ele>
        <time>2026-05-01T02:46:21.2630000+00:00</time>
      </trkpt>
      <trkpt lat="46.74709" lon="7.90192">
        <ele>1635.8</ele>
        <time>2026-05-01T02:46:31.3200000+00:00</time>
      </trkpt>
      <trkpt lat="46.74709" lon="7.90206">
        <ele>1633.78</ele>
        <time>2026-05-01T02:46:44.1190000+00:00</time>
      </trkpt>
      <trkpt lat="46.74709" lon="7.90215">
        <ele>1632.48</ele>
        <time>2026-05-01T02:46:52.3470000+00:00</time>
      </trkpt>
      <trkpt lat="46.74709" lon="7.90223">
        <ele>1631.32</ele>
        <time>2026-05-01T02:46:59.6620000+00:00</time>
      </trkpt>
      <trkpt lat="46.7471" lon="7.90231">
        <ele>1630.2</ele>
        <time>2026-05-01T02:47:07.0960000+00:00</time>
      </trkpt>
      <trkpt lat="46.74709" lon="7.90237">
        <ele>1629.3</ele>
        <time>2026-05-01T02:47:12.7410000+00:00</time>
      </trkpt>
      <trkpt lat="46.74706" lon="7.90249">
        <ele>1627.52</ele>
        <time>2026-05-01T02:47:24.4190000+00:00</time>
      </trkpt>
      <trkpt lat="46.74704" lon="7.9026">
        <ele>1625.97</ele>
        <time>2026-05-01T02:47:34.8230000+00:00</time>
      </trkpt>
      <trkpt lat="46.74701" lon="7.90274">
        <ele>1624.28</ele>
        <time>2026-05-01T02:47:48.2330000+00:00</time>
      </trkpt>
      <trkpt lat="46.74699" lon="7.90283">
        <ele>1623.19</ele>
        <time>2026-05-01T02:47:56.8830000+00:00</time>
      </trkpt>
      <trkpt lat="46.74699" lon="7.90292">
        <ele>1622.12</ele>
        <time>2026-05-01T02:48:05.1110000+00:00</time>
      </trkpt>
      <trkpt lat="46.74698" lon="7.90297">
        <ele>1621.51</ele>
        <time>2026-05-01T02:48:09.8720000+00:00</time>
      </trkpt>
      <trkpt lat="46.74696" lon="7.90308">
        <ele>1620.17</ele>
        <time>2026-05-01T02:48:20.2770000+00:00</time>
      </trkpt>
      <trkpt lat="46.74695" lon="7.90318">
        <ele>1618.96</ele>
        <time>2026-05-01T02:48:29.5150000+00:00</time>
      </trkpt>
      <trkpt lat="46.74694" lon="7.90327">
        <ele>1617.86</ele>
        <time>2026-05-01T02:48:37.8500000+00:00</time>
      </trkpt>
      <trkpt lat="46.74695" lon="7.90336">
        <ele>1616.81</ele>
        <time>2026-05-01T02:48:46.1850000+00:00</time>
      </trkpt>
      <trkpt lat="46.74695" lon="7.90347">
        <ele>1615.48</ele>
        <time>2026-05-01T02:48:56.2410000+00:00</time>
      </trkpt>
      <trkpt lat="46.74694" lon="7.90355">
        <ele>1614.47</ele>
        <time>2026-05-01T02:49:03.6760000+00:00</time>
      </trkpt>
      <trkpt lat="46.74694" lon="7.90362">
        <ele>1613.6</ele>
        <time>2026-05-01T02:49:10.0750000+00:00</time>
      </trkpt>
      <trkpt lat="46.74694" lon="7.90369">
        <ele>1612.73</ele>
        <time>2026-05-01T02:49:16.4740000+00:00</time>
      </trkpt>
      <trkpt lat="46.74694" lon="7.9038">
        <ele>1611.37</ele>
        <time>2026-05-01T02:49:26.5300000+00:00</time>
      </trkpt>
      <trkpt lat="46.74695" lon="7.90385">
        <ele>1610.75</ele>
        <time>2026-05-01T02:49:31.2930000+00:00</time>
      </trkpt>
      <trkpt lat="46.74696" lon="7.90389">
        <ele>1610.25</ele>
        <time>2026-05-01T02:49:35.1860000+00:00</time>
      </trkpt>
      <trkpt lat="46.74696" lon="7.90398">
        <ele>1609.13</ele>
        <time>2026-05-01T02:49:43.4140000+00:00</time>
      </trkpt>
      <trkpt lat="46.74696" lon="7.90406">
        <ele>1608.13</ele>
        <time>2026-05-01T02:49:50.7290000+00:00</time>
      </trkpt>
      <trkpt lat="46.74695" lon="7.9042">
        <ele>1606.4</ele>
        <time>2026-05-01T02:50:03.5970000+00:00</time>
      </trkpt>
      <trkpt lat="46.74695" lon="7.90435">
        <ele>1604.44</ele>
        <time>2026-05-01T02:50:17.3100000+00:00</time>
      </trkpt>
      <trkpt lat="46.74695" lon="7.90447">
        <ele>1602.83</ele>
        <time>2026-05-01T02:50:28.2800000+00:00</time>
      </trkpt>
      <trkpt lat="46.74695" lon="7.90454">
        <ele>1601.89</ele>
        <time>2026-05-01T02:50:34.6780000+00:00</time>
      </trkpt>
      <trkpt lat="46.74696" lon="7.90467">
        <ele>1600.11</ele>
        <time>2026-05-01T02:50:46.6370000+00:00</time>
      </trkpt>
      <trkpt lat="46.74697" lon="7.90476">
        <ele>1598.86</ele>
        <time>2026-05-01T02:50:54.9730000+00:00</time>
      </trkpt>
      <trkpt lat="46.747" lon="7.90483">
        <ele>1597.79</ele>
        <time>2026-05-01T02:51:02.5200000+00:00</time>
      </trkpt>
      <trkpt lat="46.74702" lon="7.90491">
        <ele>1596.62</ele>
        <time>2026-05-01T02:51:10.3040000+00:00</time>
      </trkpt>
      <trkpt lat="46.74707" lon="7.90501">
        <ele>1595.03</ele>
        <time>2026-05-01T02:51:21.6220000+00:00</time>
      </trkpt>
      <trkpt lat="46.74711" lon="7.90511">
        <ele>1593.45</ele>
        <time>2026-05-01T02:51:32.2080000+00:00</time>
      </trkpt>
      <trkpt lat="46.74712" lon="7.90518">
        <ele>1592.41</ele>
        <time>2026-05-01T02:51:38.7440000+00:00</time>
      </trkpt>
      <trkpt lat="46.74713" lon="7.90524">
        <ele>1591.5</ele>
        <time>2026-05-01T02:51:44.3900000+00:00</time>
      </trkpt>
      <trkpt lat="46.74716" lon="7.90529">
        <ele>1590.6</ele>
        <time>2026-05-01T02:51:50.4660000+00:00</time>
      </trkpt>
      <trkpt lat="46.74719" lon="7.90536">
        <ele>1589.37</ele>
        <time>2026-05-01T02:51:58.0140000+00:00</time>
      </trkpt>
      <trkpt lat="46.74722" lon="7.90544">
        <ele>1587.95</ele>
        <time>2026-05-01T02:52:06.3510000+00:00</time>
      </trkpt>
      <trkpt lat="46.74724" lon="7.90547">
        <ele>1587.34</ele>
        <time>2026-05-01T02:52:10.1780000+00:00</time>
      </trkpt>
      <trkpt lat="46.74728" lon="7.9055">
        <ele>1586.55</ele>
        <time>2026-05-01T02:52:16.1800000+00:00</time>
      </trkpt>
      <trkpt lat="46.74728" lon="7.90557">
        <ele>1585.46</ele>
        <time>2026-05-01T02:52:22.5790000+00:00</time>
      </trkpt>
      <trkpt lat="46.74726" lon="7.90564">
        <ele>1584.57</ele>
        <time>2026-05-01T02:52:29.5130000+00:00</time>
      </trkpt>
      <trkpt lat="46.74724" lon="7.90571">
        <ele>1583.7</ele>
        <time>2026-05-01T02:52:36.4470000+00:00</time>
      </trkpt>
      <trkpt lat="46.74721" lon="7.90577">
        <ele>1583.12</ele>
        <time>2026-05-01T02:52:43.2380000+00:00</time>
      </trkpt>
      <trkpt lat="46.74718" lon="7.90581">
        <ele>1582.86</ele>
        <time>2026-05-01T02:52:48.6580000+00:00</time>
      </trkpt>
      <trkpt lat="46.7471" lon="7.9059">
        <ele>1582.49</ele>
        <time>2026-05-01T02:53:02.1350000+00:00</time>
      </trkpt>
      <trkpt lat="46.74702" lon="7.906">
        <ele>1582.15</ele>
        <time>2026-05-01T02:53:16.1880000+00:00</time>
      </trkpt>
      <trkpt lat="46.74694" lon="7.9061">
        <ele>1582.05</ele>
        <time>2026-05-01T02:53:30.2420000+00:00</time>
      </trkpt>
      <trkpt lat="46.74689" lon="7.90615">
        <ele>1582.23</ele>
        <time>2026-05-01T02:53:38.3290000+00:00</time>
      </trkpt>
      <trkpt lat="46.74681" lon="7.90621">
        <ele>1582.21</ele>
        <time>2026-05-01T02:53:50.3290000+00:00</time>
      </trkpt>
      <trkpt lat="46.74672" lon="7.90626">
        <ele>1582.21</ele>
        <time>2026-05-01T02:54:03.1770000+00:00</time>
      </trkpt>
      <trkpt lat="46.74663" lon="7.90632">
        <ele>1582.08</ele>
        <time>2026-05-01T02:54:16.3780000+00:00</time>
      </trkpt>
      <trkpt lat="46.74654" lon="7.90636">
        <ele>1582.15</ele>
        <time>2026-05-01T02:54:28.9300000+00:00</time>
      </trkpt>
      <trkpt lat="46.74647" lon="7.90639">
        <ele>1582.21</ele>
        <time>2026-05-01T02:54:38.6640000+00:00</time>
      </trkpt>
      <trkpt lat="46.74639" lon="7.9064">
        <ele>1582.55</ele>
        <time>2026-05-01T02:54:49.3770000+00:00</time>
      </trkpt>
      <trkpt lat="46.74631" lon="7.90639">
        <ele>1583.14</ele>
        <time>2026-05-01T02:55:00.0890000+00:00</time>
      </trkpt>
      <trkpt lat="46.74628" lon="7.90639">
        <ele>1583.31</ele>
        <time>2026-05-01T02:55:04.0910000+00:00</time>
      </trkpt>
      <trkpt lat="46.74621" lon="7.90638">
        <ele>1583.85</ele>
        <time>2026-05-01T02:55:13.4740000+00:00</time>
      </trkpt>
      <trkpt lat="46.74611" lon="7.90635">
        <ele>1584.82</ele>
        <time>2026-05-01T02:55:27.0950000+00:00</time>
      </trkpt>
      <trkpt lat="46.74604" lon="7.90633">
        <ele>1585.42</ele>
        <time>2026-05-01T02:55:36.6110000+00:00</time>
      </trkpt>
      <trkpt lat="46.74602" lon="7.90633">
        <ele>1585.22</ele>
        <time>2026-05-01T02:55:39.2800000+00:00</time>
      </trkpt>
      <trkpt lat="46.746" lon="7.90634">
        <ele>1584.88</ele>
        <time>2026-05-01T02:55:42.1010000+00:00</time>
      </trkpt>
      <trkpt lat="46.74598" lon="7.90636">
        <ele>1584.42</ele>
        <time>2026-05-01T02:55:45.3350000+00:00</time>
      </trkpt>
      <trkpt lat="46.74596" lon="7.9064">
        <ele>1583.69</ele>
        <time>2026-05-01T02:55:49.8620000+00:00</time>
      </trkpt>
      <trkpt lat="46.74595" lon="7.90644">
        <ele>1583.07</ele>
        <time>2026-05-01T02:55:53.7550000+00:00</time>
      </trkpt>
      <trkpt lat="46.74596" lon="7.9065">
        <ele>1582.38</ele>
        <time>2026-05-01T02:55:59.4000000+00:00</time>
      </trkpt>
      <trkpt lat="46.74597" lon="7.9066">
        <ele>1581.17</ele>
        <time>2026-05-01T02:56:08.6390000+00:00</time>
      </trkpt>
      <trkpt lat="46.74596" lon="7.90665">
        <ele>1580.42</ele>
        <time>2026-05-01T02:56:13.4010000+00:00</time>
      </trkpt>
      <trkpt lat="46.74595" lon="7.90672">
        <ele>1579.41</ele>
        <time>2026-05-01T02:56:19.9390000+00:00</time>
      </trkpt>
      <trkpt lat="46.74592" lon="7.90676">
        <ele>1578.58</ele>
        <time>2026-05-01T02:56:25.3610000+00:00</time>
      </trkpt>
      <trkpt lat="46.74589" lon="7.90679">
        <ele>1577.87</ele>
        <time>2026-05-01T02:56:30.2140000+00:00</time>
      </trkpt>
      <trkpt lat="46.74585" lon="7.9068">
        <ele>1577.36</ele>
        <time>2026-05-01T02:56:35.6290000+00:00</time>
      </trkpt>
      <trkpt lat="46.74579" lon="7.9068">
        <ele>1576.79</ele>
        <time>2026-05-01T02:56:43.6360000+00:00</time>
      </trkpt>
      <trkpt lat="46.74571" lon="7.9068">
        <ele>1576.03</ele>
        <time>2026-05-01T02:56:54.3090000+00:00</time>
      </trkpt>
      <trkpt lat="46.74566" lon="7.90681">
        <ele>1575.43</ele>
        <time>2026-05-01T02:57:01.0420000+00:00</time>
      </trkpt>
      <trkpt lat="46.7456" lon="7.90683">
        <ele>1574.6</ele>
        <time>2026-05-01T02:57:09.2530000+00:00</time>
      </trkpt>
      <trkpt lat="46.74547" lon="7.90687">
        <ele>1572.87</ele>
        <time>2026-05-01T02:57:26.9780000+00:00</time>
      </trkpt>
      <trkpt lat="46.74539" lon="7.9069">
        <ele>1571.76</ele>
        <time>2026-05-01T02:57:37.9980000+00:00</time>
      </trkpt>
      <trkpt lat="46.7453" lon="7.90693">
        <ele>1570.57</ele>
        <time>2026-05-01T02:57:50.3150000+00:00</time>
      </trkpt>
      <trkpt lat="46.74517" lon="7.90695">
        <ele>1569.08</ele>
        <time>2026-05-01T02:58:07.7560000+00:00</time>
      </trkpt>
      <trkpt lat="46.74507" lon="7.90698">
        <ele>1567.73</ele>
        <time>2026-05-01T02:58:21.3770000+00:00</time>
      </trkpt>
      <trkpt lat="46.74498" lon="7.90698">
        <ele>1566.81</ele>
        <time>2026-05-01T02:58:33.3850000+00:00</time>
      </trkpt>
      <trkpt lat="46.74498" lon="7.90699">
        <ele>1566.72</ele>
        <time>2026-05-01T02:58:34.2970000+00:00</time>
      </trkpt>
      <trkpt lat="46.74497" lon="7.907">
        <ele>1566.53</ele>
        <time>2026-05-01T02:58:35.9160000+00:00</time>
      </trkpt>
      <trkpt lat="46.74494" lon="7.90702">
        <ele>1566.07</ele>
        <time>2026-05-01T02:58:40.3160000+00:00</time>
      </trkpt>
      <trkpt lat="46.74487" lon="7.90704">
        <ele>1565.24</ele>
        <time>2026-05-01T02:58:49.8320000+00:00</time>
      </trkpt>
      <trkpt lat="46.74481" lon="7.90706">
        <ele>1564.54</ele>
        <time>2026-05-01T02:58:58.0430000+00:00</time>
      </trkpt>
      <trkpt lat="46.74474" lon="7.90708">
        <ele>1563.79</ele>
        <time>2026-05-01T02:59:07.5590000+00:00</time>
      </trkpt>
      <trkpt lat="46.74466" lon="7.9071">
        <ele>1562.98</ele>
        <time>2026-05-01T02:59:18.3880000+00:00</time>
      </trkpt>
      <trkpt lat="46.74459" lon="7.90712">
        <ele>1562.3</ele>
        <time>2026-05-01T02:59:27.9050000+00:00</time>
      </trkpt>
      <trkpt lat="46.74455" lon="7.90713">
        <ele>1561.93</ele>
        <time>2026-05-01T02:59:33.3200000+00:00</time>
      </trkpt>
      <trkpt lat="46.74451" lon="7.90714">
        <ele>1561.58</ele>
        <time>2026-05-01T02:59:38.7350000+00:00</time>
      </trkpt>
      <trkpt lat="46.74447" lon="7.90715">
        <ele>1561.23</ele>
        <time>2026-05-01T02:59:44.1510000+00:00</time>
      </trkpt>
      <trkpt lat="46.74446" lon="7.90716">
        <ele>1561.13</ele>
        <time>2026-05-01T02:59:45.7700000+00:00</time>
      </trkpt>
      <trkpt lat="46.74444" lon="7.90718">
        <ele>1560.93</ele>
        <time>2026-05-01T02:59:49.0060000+00:00</time>
      </trkpt>
      <trkpt lat="46.74443" lon="7.90719">
        <ele>1560.84</ele>
        <time>2026-05-01T02:59:50.6200000+00:00</time>
      </trkpt>
      <trkpt lat="46.74443" lon="7.90722">
        <ele>1560.78</ele>
        <time>2026-05-01T02:59:53.3640000+00:00</time>
      </trkpt>
      <trkpt lat="46.74442" lon="7.90726">
        <ele>1560.64</ele>
        <time>2026-05-01T02:59:57.2570000+00:00</time>
      </trkpt>
      <trkpt lat="46.74442" lon="7.90729">
        <ele>1560.59</ele>
        <time>2026-05-01T03:00:00.0000000+00:00</time>
      </trkpt>
    </trkseg>
  </trk>
</gpx>